Title,GivenName,Surname,EmailAddress,Username,Password,TelephoneNumber,StreetAddress,City,ZipCode,Country,CountryFull
Mr.,Mike,Lowe,MikeLowe@rhyta.com,10073001,Eigei7ye,0951 85 76 34,Mühlenstrasse 30,Bamberg,96010,DE,Germany
Ms.,Benedykta,Koz?owska,BenedyktaKozlowska@einrot.com,10115002,eesh7Thai4ee,711 310 908,Rúa Olmos 48,Aldearrubia,37340,ES,Spain
Dr.,Eric,Krueger,EricKrueger@einrot.com,10278003,oZe9aiJoM,0332 8301924,Corso Porta Nuova 96,Castellarano,42014,IT,Italy
Mr.,Lewis,May,LewisMay@superrito.com,10291004,dohtei1Yae,05.44.93.63.71,45 avenue Ferdinand de Lesseps,GRADIGNAN,33170,FR,France
Mr.,Rhys,Daniels,RhysDaniels@einrot.com,10159005,peLoo9Oth,04.47.02.44.40,21 rue du Fossé des Tanneurs,TOULON,83100,FR,France
Mrs.,Dorla,Brunner,DorlaPBrunner@fleckens.hu,10381006,aHaegha7s,02687 60 53 00,Knesebeckstrasse 81,Güllesheim,56593,DE,Germany
Mrs.,Odette,Descoteaux,OdetteDescoteaux@dayrep.com,10393007,oothoBein0sh,077 8442 9182,20 Sandyhill Rd,GABHSUNN BHO DHEAS,HS2 0FH,GB,United Kingdom
Mr.,Matthieu,Robitaille,MatthieuRobitaille@fleckens.hu,10271008,ien1yaeV9,070 4025 4324,84 City Walls Rd,CLOUGHTON,YO13 5LY,GB,United Kingdom
Mrs.,Wis?awa,Jasi?ska,WislawaJasinska@rhyta.com,10234009,shuJ1quoopo,037465 60 83,Reeperbahn 76,Klingenthal,08243,DE,Germany
Mr.,Ivan,Padovano,IvanPadovano@rhyta.com,10022010,voo8BaiGies,719 012 243,San Andrés 75,El Milano,37256,ES,Spain
Mr.,Patrick,Frankfurter,PatrickFrankfurter@armyspy.com,10019011,Iew6pevie,04.33.02.37.32,40 boulevard Albin Durand,CHAMBÉRY,73000,FR,France
Ms.,Berta,Kowalska,BertaKowalska@fleckens.hu,10358012,nu7eituVae,078 5470 4229,23 Gordon Terrace,BARTON,PR3 3GA,GB,United Kingdom
Ms.,Ela,Nowicka,ElaNowicka@cuvox.de,10226013,Quaakai5ei,05.41.10.18.55,75 rue Adolphe Wurtz,LE ROBERT,97231,FR,France
Ms.,Ludwika,Soko?owska,LudwikaSokolowska@dayrep.com,10298014,BohzeiYo4r,07721 48 12 77,Schönhauser Allee 35,Villingen-Schwenningen Villingen,78048,DE,Germany
Ms.,Raina,Brian,RainaBrian@armyspy.com,10397015,uo1uu2Sa,079 6463 1604,31 Town Lane,SOURTON,EX20 7PA,GB,United Kingdom
Ms.,Monique,Dodier,MoniqueDodier@armyspy.com,10243016,Choxeeth5Ow,05.49.87.33.20,63 Place de la Gare,COGNAC,16100,FR,France
Ms.,Patience,Guernon,PatienceGuernon@gustr.com,10136017,hoh6teXi,078 5435 4404,94 Bullwood Rd,SPROTBROUGH,DN5 3PG,GB,United Kingdom
Mrs.,Lea,Beneventi,LeaBeneventi@gustr.com,10044018,AiY9ahw9fu,02993 95 26 43,Landhausstraße 37,Twistetal,34477,DE,Germany
Ms.,Noémi,Bourgouin,NoemiBourgouin@teleworm.us,10012019,Dee8ruqu7eF,06727 39 35 01,Motzstr. 84,Horrweiler,55457,DE,Germany
Mr.,Rinaldo,Beneventi,RinaldoBeneventi@jourrapide.com,10323020,riegie6ieNg,789 072 619,Ourense 2,Ólvega,42110,ES,Spain
Mrs.,Marie,Vogel,MarieVogel@dayrep.com,10051021,Ehah9mae7oe,67 458 72 03,Al. Piastów 27,Szczecin,70-325,PL,Poland
Mr.,William,Mallett,WilliamSMallett@dayrep.com,10187022,okaipa8moDee,077 0875 2988,43 Park Place,CASTLEMARTIN,SA71 7GR,GB,United Kingdom
Dr.,Archaimbau,Flamand,ArchaimbauFlamand@fleckens.hu,10029023,ael5AhF7,04641 44 58 47,Hochstrasse 51,Süderbrarup,24390,DE,Germany
Dr.,Giuseppa,Panicucci,GiuseppaPanicucci@rhyta.com,10028024,doo6uShohph9,0361 3700214,Via Loreto 147,Marina Palmense,63017,IT,Italy
Mr.,Lyle,Bouchard,LyleBouchard@dayrep.com,10366025,bouWu6Phohl,623 954 246,Maestro Puig Valera 84,Peñamellera Baja,33570,ES,Spain
Mr.,Rocco,Lucchesi,RoccoLucchesi@rhyta.com,10378026,meiDaang0hoo,0323 6154951,Via Giovanni Amendola 137,Scandolara Ripa D'Oglio,26047,IT,Italy
Dr.,Steffen,Schwartz,SteffenSchwartz@rhyta.com,10038027,juneiqu4Ree,79 138 71 39,ul. Przerwy Tetmajera Kazimierza 40,Lublin,20-362,PL,Poland
Mrs.,Rita,Castiglione,RitaCastiglione@armyspy.com,10048028,Hae1AiNg,0421 11 97 05,Genterstrasse 39,Bremen Weidedamm,28215,DE,Germany
Mr.,Harrison,Preston,HarrisonPreston@einrot.com,10095029,eing1zuTa,67 442 89 71,ul. Dybowskiego Benedykta 78,Cz?stochowa,42-209,PL,Poland
Mr.,Benjamin,Haynes,BenjaminHaynes@teleworm.us,10242030,OofahM9hie,0383 9025704,Via Piccinni 8,Santa Croce Del Sannio,82020,IT,Italy
Mrs.,Penelope,Gallo,PenelopeGallo@rhyta.com,10149031,eithai5ciPh,070 4209 0059,92 Main St,ACHLYNESS,IV27 1DN,GB,United Kingdom
Ms.,Morgan,Gilbert,MorganGilbert@einrot.com,10122032,thoo2Io3sh,09201 12 09 71,Ellmenreichstrasse 97,Mistelbach,95511,DE,Germany
Mr.,Jan,Faust,JanFaust@jourrapide.com,10294033,Caboh3deeg7Ae,782 433 535,Eusebio Dávila 49,Écija,41400,ES,Spain
Mrs.,Amina,Manna,AminaManna@dayrep.com,10275034,quung0jei3Ei,070 5820 4364,22 Huntly Street,BARRINGTON,CB2 0HD,GB,United Kingdom
Mr.,Uranio,Russo,UranioRusso@rhyta.com,10345035,aiPi4bae4,615 694 599,Quevedo 14,Aranga,15317,ES,Spain
Mr.,Mariano,Mazzanti,MarianoMazzanti@cuvox.de,10359036,Ye3thodoh9,0374 2830357,Via Pasquale Scura 36,Braidi,98060,IT,Italy
Ms.,Heather,Sanches,HeatherDSanches@rhyta.com,10136037,aeh3lauChum,02.51.96.73.43,92 rue du Château,SAINT-HERBLAIN,44800,FR,France
Mrs.,Józefa,Jasi?ska,JozefaJasinska@armyspy.com,10159038,Gan1ioB9qui,079 3235 5602,70 Tonbridge Rd,COPPENHALL,ST18 7RL,GB,United Kingdom
Mrs.,Rados?awa,Paw?owska,RadoslawaPawlowska@armyspy.com,10264039,oox6Um8uqu,0355 6798261,Viale Ippocrate 100,Tavernola,22100,IT,Italy
Ms.,Julita,Nowicka,JulitaNowicka@superrito.com,10187040,ree2eihoWai,728 124 469,Boriñaur enparantza 20,Artà,07570,ES,Spain
Mr.,Marco,Ritter,MarcoRitter@teleworm.us,10076041,Sah1lee4qua,60 271 87 00,ul. Mielczarskiego Romualda 67,Warszawa,02-798,PL,Poland
Ms.,Blanka,Kowalska,BlankaKowalska@dayrep.com,10335042,Yaen4iwae,0365 4777661,Via Acrone 145,Ozzano Monferrato,15039,IT,Italy
Mr.,Victor,Berger,VictorBerger@superrito.com,10089043,jaiGh3Ch,06507 49 61 10,Güntzelstrasse 39,Leiwen,54340,DE,Germany
Mr.,Gawe?,D?browski,GawelDabrowski@rhyta.com,10231044,iem7The5E,04531 15 42 68,Nuernbergerstrasse 74,Bad Oldesloe,23836,DE,Germany
Ms.,Adelfina,Siciliano,AdelfinaSiciliano@superrito.com,10226045,ooChah9TaeD,03448 90 96 04,Flotowstr. 41,Meuselwitz,04607,DE,Germany
Mr.,Espedito,Lori,EspeditoLori@fleckens.hu,10274046,Eeph2xoor,03.99.78.95.92,76 rue de la Hulotais,SAINT-POL-SUR-MER,59430,FR,France
Mr.,Harry,Morrison,HarryMorrison@jourrapide.com,10367047,jo4au1ieT8ues,03.69.44.37.08,22 rue Victor Hugo,COUDEKERQUE-BRANCHE,59210,FR,France
Ms.,Morgan,Gill,MorganGill@cuvox.de,10167048,oonohmoh9Ei,078 0569 3914,6 Hull Road,PANGBOURNE,RG8 9PX,GB,United Kingdom
Mr.,Tullio,Buccho,TullioBuccho@gustr.com,10259049,chep2Aht,53 698 11 30,ul. Okrzei Stefana 17,Opole,45-713,PL,Poland
Mr.,Steffen,Pfeifer,SteffenPfeifer@gustr.com,10374050,Vekiek1a,01.40.96.04.19,39 rue de la Boétie,POISSY,78300,FR,France
Mrs.,Eva,Dobson,EvaDobson@superrito.com,10171051,shie8Suu,53 407 00 83,ul. Ch?ci?skiego Jana 144,Lublin,20-839,PL,Poland
Mr.,George,Fuson,GeorgeMFuson@cuvox.de,10086052,eith6eiB4zoh,03941 23 58 81,Ruschestrasse 76,Halberstadt,38820,DE,Germany
Mr.,Burnell,Austin,BurnellAustin@teleworm.us,10184053,eeGhil7ch,0332 5456663,Via del Pontiere 11,Castellammare Del Golfo,91014,IT,Italy
Mrs.,Katharina,Schneider,KatharinaSchneider@einrot.com,10056054,Iegh2ahu,88 946 17 94,ul. Wi?ckowskiego Stefana 85,?ód?,90-727,PL,Poland
Dr.,Maura,Beneventi,MauraBeneventi@einrot.com,10351055,Ipoh9lohpai,0351 84 85 54,Charlottenstrasse 14,Dresden,01309,DE,Germany
Mr.,David,Marsden,DavidMarsden@einrot.com,10332056,Air9eephei,035772 76 99,Amsinckstrasse 93,Rietschen,02954,DE,Germany
Dr.,Katja,Vogel,KatjaVogel@einrot.com,10082057,Xaiga0quoo,079 4032 2624,38 Crown Street,LONG DRAX,YO8 1XD,GB,United Kingdom
Dr.,Clara,Lo Duca,ClaraLoDuca@superrito.com,10227058,rudaeSh8eeT,60 113 66 97,ul. Posorty 107,Olsztyn,10-749,PL,Poland
Ms.,Eva,Carroll,EvaCarroll@jourrapide.com,10036059,Ooh3Soe2,0335 8788221,Via Silvio Spaventa 25,Scheggino,06040,IT,Italy
Ms.,Klaudia,Walczak,KlaudiaWalczak@rhyta.com,10088060,Sae1eera6ot,643 401 145,Caño 48,Proaza,33114,ES,Spain
Mrs.,Rose,Loar,RoseSLoar@rhyta.com,10161061,ieke2eeWei5na,60 481 45 24,ul. Ostrobramska 140,Warszawa,04-026,PL,Poland
Ms.,Elizabeth,Winter,ElizabethWinter@rhyta.com,10235062,fi4ieN2aiqu,0386 0538403,Via Galileo Ferraris 110,Canedole,46040,IT,Italy
Mr.,Alexander,Bohm,AlexanderBohm@einrot.com,10176063,eiqu9Cho,070 3298 0846,43 Terrick Rd,EGLWYSWRW,SA41 1XW,GB,United Kingdom
Mr.,Wolfgang,Frueh,WolfgangFrueh@fleckens.hu,10024064,oph4Jeep,0421 69 56 60,Grolmanstraße 60,Bremen Schwachhausen,28209,DE,Germany
Ms.,Odelette,Benjamin,OdeletteBenjamin@rhyta.com,10221065,lai6pu9Dahch,66 345 85 38,ul. Le?nicka 109,Opole,45-141,PL,Poland
Mr.,Eligiusz,Michalski,EligiuszMichalski@cuvox.de,10189066,Hahch2aiDay,01.92.04.55.37,43 rue Gustave Eiffel,RIS-ORANGIS,91000,FR,France
Ms.,Elisabetta,Longo,ElisabettaLongo@rhyta.com,10217067,seizi1Ut,677 413 969,Reiseñor 18,Corral de Almaguer,45880,ES,Spain
Ms.,Evie,Barber,EvieBarber@teleworm.us,10181068,Ohiu1theup,72 835 69 09,ul. Na??czowska 117,Warszawa,02-922,PL,Poland
Ms.,Tina,Downey,TinaJDowney@rhyta.com,10138069,quohTahqu5,0336 0411891,Via Licola Patria 135,Montefusco,83030,IT,Italy
Ms.,Katja,Trommler,KatjaTrommler@armyspy.com,10226070,piegh0auJ,078 2185 9025,23 Bath Rd,WOLLASTON,SY5 5BL,GB,United Kingdom
Ms.,Ines,Wirth,InesWirth@fleckens.hu,10036071,Lie4ierie,69 938 20 03,ul. Goszczy?skiego Seweryna 44,Warszawa,02-610,PL,Poland
Mr.,Bernd,Richter,BerndRichter@armyspy.com,10098072,phie5aPhoe,53 878 07 85,ul. Wróblewskiego Walerego 58,?ód?,94-103,PL,Poland
Mrs.,Cathy,Reynolds,CathyJReynolds@superrito.com,10118073,Aidingeo6,01.03.91.87.85,68 place de Miremont,VILLEPARISIS,77270,FR,France
Ms.,Gracia,Gutierrez,GraciaWGutierrez@armyspy.com,10144074,shea5pah3W,78 325 13 68,ul. Chocimska 78,Pozna?,60-688,PL,Poland
Mr.,Kai,Potter,KaiPotter@teleworm.us,10266075,Na4Zivei2sh,078 3269 8462,23 Front Street,LADDINGFORD,ME18 7PY,GB,United Kingdom
Mr.,Sven,Zimmer,SvenZimmer@jourrapide.com,10124076,ieS3oDu3a,06872 97 82 43,Hallesches Ufer 49,Losheim,66675,DE,Germany
Mr.,Noah,Bruce,NoahBruce@rhyta.com,10288077,naiNah7au0,736 831 727,C/ Amoladera 4,Cobeña,28863,ES,Spain
Mr.,Dwight,Boettcher,DwightDBoettcher@gustr.com,10366078,ooh0Aebae,733 704 910,C/ Pablo Iglesias 61,Arenzana de Arriba,26312,ES,Spain
Mrs.,Palmira,Cocci,PalmiraCocci@teleworm.us,10075079,Aeboothool0,69 807 06 18,ul. Bursztynowa 94,Koszalin,75-256,PL,Poland
Mr.,Millard,Saurel,MillardSaurel@rhyta.com,10215080,ra3EiJeeloo,627 532 820,Extramuros 22,Titulcia,28359,ES,Spain
Mr.,Karol,Grabowski,KarolGrabowski@teleworm.us,10081081,ie9eephouP2,05.30.37.66.59,82 avenue Voltaire,MAISONS-ALFORT,64700,FR,France
Mr.,Elide,Greece,ElideGreece@einrot.com,10129082,luas1Eiqu,06564 29 24 46,Rudower Strasse 85,Fischbach-Oberraden,54675,DE,Germany
Mrs.,Luce,Paulet,LucePaulet@fleckens.hu,10359083,Aijai8Quo,03821 60 95 96,Schoenebergerstrasse 12,Ahrenshagen,18292,DE,Germany
Mr.,Walenty,Ostrowski,WalentyOstrowski@dayrep.com,10215084,vieCepel8zai,0228 85 63 12,Straße der Pariser Kommune 8,Bonn,53177,DE,Germany
Mr.,Jayden,Flynn,JaydenFlynn@dayrep.com,10148085,saCo6io9mie,03.48.25.99.86,82 Rue St Ferréol,METZ,57050,FR,France
Ms.,Barbara,Ostrowska,BarbaraOstrowska@fleckens.hu,10234086,Yaew1ceingah,0331 89 40 61,Fugger Strasse 61,Potsdam,14443,DE,Germany
Ms.,Dina,Manna,DinaManna@dayrep.com,10272087,AiP6aichuch8,070 7310 9905,58 Marlborough Crescent,SOUTH REDBRIGGS,AB53 3UY,GB,United Kingdom
Mrs.,Rosie,McKenzie,RosieMcKenzie@jourrapide.com,10238088,niengai5Oh,078 5887 6189,97 Scotswood Road,HOLYPORT,SL6 2XY,GB,United Kingdom
Ms.,Kunegunda,Adamska,KunegundaAdamska@armyspy.com,10182089,phieNg5ae,078 4841 6247,29 Holburn Lane,HELHOUGHTON,NR21 1UX,GB,United Kingdom
Mr.,Kenneth,McDonald,KennethDMcDonald@jourrapide.com,10185090,ID3aiphiaTh,038377 92 21,Reeperbahn 40,Zinnowitz,17450,DE,Germany
Mr.,Isidoro,Esposito,IsidoroEsposito@fleckens.hu,10115091,ree3guteeZ,05.00.46.57.08,71 rue Sadi Carnot,AUCH,32000,FR,France
Mrs.,Bogus?awa,Adamczyk,BoguslawaAdamczyk@gustr.com,10096092,jai8eeQu4,53 295 66 19,ul. Genera?a Dwernickiego Józefa 121,Opole,45-049,PL,Poland
Ms.,Berenice,Toscano,BereniceToscano@superrito.com,10196093,thaiw2Iuwie,53 967 85 39,ul. Po?owniaka Henryka 46,Kielce,25-634,PL,Poland
Ms.,Lucy,Bartlett,LucyBartlett@armyspy.com,10177094,Siegh1CeiPh,079 5702 1750,90 Nenthead Road,HIGHAM,CO7 0JY,GB,United Kingdom
Ms.,Katrin,Gerste,KatrinGerste@rhyta.com,10125095,oi8Eod0zoo,0251 18 58 38,Straße der Pariser Kommune 90,Münster,48143,DE,Germany
Mr.,Mario,Muench,MarioMuench@gustr.com,10089096,ThooB4Quah,749 162 359,Camiño Real 65,Sukarrieta,48395,ES,Spain
Ms.,Gabriele,Moeller,GabrieleMoeller@fleckens.hu,10126097,eicheiw3Ee,88 193 41 88,ul. Grunwaldzka 104,Kielce,25-736,PL,Poland
Mr.,Lucjan,Nowicki,LucjanNowicki@gustr.com,10144098,zahveeKav7,0341 9045805,Via Pasquale Scura 63,Stigliano,75018,IT,Italy
Mr.,Stephan,Brandt,StephanBrandt@cuvox.de,10099099,Aw8aoc2beboh,692 680 894,Ventanilla de Beas 77,Abadín,27730,ES,Spain
Dr.,Jasmine,Harding,JasmineHarding@gustr.com,10022100,Iengooki9Ie,656 973 758,Rosa de los Vientos 30,Carrizosa,13329,ES,Spain
Mr.,Riley,Nash,RileyNash@rhyta.com,10336101,oesahJae2ee,0394 8549744,Via Duomo 144,Cavenago D'Adda,26824,IT,Italy
Ms.,Enza,Zetticci,EnzaZetticci@superrito.com,10326102,faezai9aeT,79 524 90 62,ul. Maciejowicka 36,Bydgoszcz,85-373,PL,Poland
Mr.,Paul,Herzog,PaulHerzog@gustr.com,10113103,iK6eel5fa,03841 61 82 68,Ruschestrasse 96,Wismar,23954,DE,Germany
Mr.,Bradley,Goodwin,BradleyGoodwin@teleworm.us,10225104,ihohxoh7Ee,09131 29 12 72,Mellingburgredder 35,Erlangen,91052,DE,Germany
Ms.,Veronica,Costa,VeronicaCosta@gustr.com,10221105,ohloh0ood3Xah,089 17 00 91,Lange Strasse 26,Unterhaching,82001,DE,Germany
Mr.,Varden,Monjeau,VardenMonjeau@armyspy.com,10372106,ohth1EeFoh3,672 494 824,Rua da Rapina 23,Cabezabellosa de la Calzada,37490,ES,Spain
Mr.,Serge,Chabot,SergeChabot@teleworm.us,10323107,Dai4bee9k,03.02.31.24.04,29 rue du Faubourg National,THIONVILLE,57100,FR,France
Mr.,Sergiusz,Adamski,SergiuszAdamski@rhyta.com,10342108,baiGaek5j,607 639 617,Socampo 2,Cabrillas,37630,ES,Spain
Mrs.,Kristin,Gottschalk,KristinGottschalk@einrot.com,10077109,uoK7beoru,070 2671 5813,43 Buckingham Rd,THORNICOMBE,DT11 9JS,GB,United Kingdom
Mrs.,Nicole,Murphy,NicoleMurphy@superrito.com,10255110,Chohv8Long,01.03.65.48.97,74 place Maurice-Charretier,CHAMPS-SUR-MARNE,77420,FR,France
Mr.,Maurilio,Gallo,MaurilioGallo@einrot.com,10354111,me6ooch6Cha,710 651 360,Plazuela do Porto 16,Pedraza de Alba,37882,ES,Spain
Mrs.,Erica,Bryant,EricaWBryant@einrot.com,10057112,feaj5Theih,79 619 98 86,ul. Klonowa 42,Ruda ?l?ska,41-707,PL,Poland
Mrs.,Sibyla,Brousseau,SibylaBrousseau@cuvox.de,10147113,tohF2eeL5,04872 51 28 52,Kastanienallee 37,Seefeld,82225,DE,Germany
Mr.,Yvon,Casgrain,YvonCasgrain@einrot.com,10168114,uX5eig1Bo,079 2605 4979,62 Bootham Crescent,RISLEY,WA3 3UN,GB,United Kingdom
Mr.,Patrick,Vitela,PatrickRVitela@cuvox.de,10029115,veinoh3Fai,02.65.84.71.70,15 rue des Lacs,HÉROUVILLE-SAINT-CLAIR,14200,FR,France
Mr.,Jonas,Feierabend,JonasFeierabend@armyspy.com,10385116,ohBo5ahphah,624 710 838,Ctra. Hornos 76,Treviana,26215,ES,Spain
Ms.,Alphonsine,Gosselin,AlphonsineGosselin@jourrapide.com,10341117,boob7ooHath,079 2857 2597,16 Osborne Road,KINCRAIG,AB41 3BE,GB,United Kingdom
Mr.,Patrick,Peters,PatrickPeters@rhyta.com,10145118,AeC7odu9bah,607 936 500,Castelao 39,Camarzana de Tera,49332,ES,Spain
Mrs.,Silvana,Lori,SilvanaLori@rhyta.com,10311119,Cei5uno8,0378 8048056,Via delle Azalee 18,Fraconalto,15060,IT,Italy
Mr.,Elliot,Rowe,ElliotRowe@fleckens.hu,10392120,eij6aeSho,079 6777 5340,88 Copthorne Way,CAMSAIL,G84 6AD,GB,United Kingdom
Mrs.,Lucyna,Dudek,LucynaDudek@rhyta.com,10325121,eef5uuRoh,070 2655 7693,3 Nith Street,GLENCRAIG,KY5 6BX,GB,United Kingdom
Mr.,Wojtek,Chmielewski,WojtekChmielewski@gustr.com,10128122,maph1Uwai,0364 2188571,Via Rocca de Baldi 110,Zevio,37059,IT,Italy
Mr.,Sebastian,Himmel,SebastianHimmel@gustr.com,10048123,Iworae2ixe,667 983 576,Rua da Rapina 45,Robliza de Cojos,37491,ES,Spain
Ms.,Eva,Wong,EvaWong@teleworm.us,10253124,aeS8deit,78 792 99 60,ul. Selekcyjna 30,?ód?,92-228,PL,Poland
Mr.,Freddie,Miller,FreddieMiller@einrot.com,10394125,Ieb4Eitoh,0841 68 11 31,Albrechtstrasse 31,Ingolstadt,85005,DE,Germany
Ms.,Dielle,Thibodeau,DielleThibodeau@rhyta.com,10143126,Ci1hohdee,715 791 129,C/ Andalucía 50,El Ejido,04700,ES,Spain
Ms.,Holly,Abbott,HollyAbbott@teleworm.us,10092127,ooWei0Doh,070 8689 6728,5 Prince Consort Road,KENNET,FK10 9UY,GB,United Kingdom
Mrs.,Nadine,Kaestner,NadineKaestner@jourrapide.com,10148128,aL9aiyod1,79 293 14 95,ul. Grabowa 88,Warszawa,02-725,PL,Poland
Mr.,Felix,Wirth,FelixWirth@rhyta.com,10026129,Sohthaethu9,079 4477 7960,89 Wressle Road,PITINNAN,AB51 4LS,GB,United Kingdom
Mr.,Marco,Müller,MarcoMuller@jourrapide.com,10126130,zeiN7hee1,747 603 573,Ventanilla de Beas 37,Pozuelo de Alarcón,28023,ES,Spain
Mr.,Steffen,Schultheiss,SteffenSchultheiss@rhyta.com,10197131,ohzoQui6Oh,744 864 982,Avda. Rio Nalon 78,Illas,33411,ES,Spain
Ms.,Marzena,Wysocka,MarzenaWysocka@teleworm.us,10153132,juaph0Ga0ee,0358 8855087,Via Guantai Nuovi 143,Fontana,80070,IT,Italy
Mr.,Adam,Whittaker,AdamWhittaker@superrito.com,10342133,aenieg3ohRee,67 984 91 17,ul. Kili?skiego 94,Raci??,09-140,PL,Poland
Ms.,Martyna,Walczak,MartynaWalczak@teleworm.us,10336134,oHeiYeiThae7,077 4089 4735,98 Station Rd,QUARRIER'S VILLAGE,PA11 5LX,GB,United Kingdom
Mr.,Konstantyn,Nowak,KonstantynNowak@superrito.com,10265135,Chai9ohno,793 286 273,Carretera 39,Cañete de las Torres,14660,ES,Spain
Mrs.,Margherita,Milani,MargheritaMilani@einrot.com,10151136,ahrahX9ohd,05.44.36.66.09,1 quai Saint-Nicolas,TOURNEFEUILLE,31170,FR,France
Mrs.,Aida,Davide,AidaDavide@fleckens.hu,10189137,laoNoo2FeiV4,653 623 326,Comandante Izarduy 85,Badalona,08910,ES,Spain
Mr.,Jacopo,Genovese,JacopoGenovese@dayrep.com,10131138,gop1ieYii,66 445 52 03,ul. ?owicka 123,Gdynia,81-504,PL,Poland
Mrs.,Giovanna,Trevisan,GiovannaTrevisan@jourrapide.com,10099139,Thosae4m,04932 57 75 83,Kastanienallee 51,Norderney,26548,DE,Germany
Mr.,Torsten,Holzman,TorstenHolzman@cuvox.de,10394140,EeVea4zeep,67 280 32 14,ul. Konarskiego Stanis?awa 15,Kraków,30-049,PL,Poland
Mr.,Alexander,Sanger,AlexanderSanger@fleckens.hu,10152141,Ahzahz1du,08861 31 12 13,Marseiller Strasse 46,Schongau,86952,DE,Germany
Ms.,Lisa,Schweitzer,LisaSchweitzer@armyspy.com,10343142,ieG2iewo,079 6853 1195,65 Hounslow Rd,SMITHY GREEN,WA16 2FN,GB,United Kingdom
Dr.,Cerise,Parenteau,CeriseParenteau@teleworm.us,10323143,Iewexi6quah,01.02.33.87.63,25 rue de la Mare aux Carats,MONTREUIL,93100,FR,France
Mrs.,Ella,Steele,EllaSteele@cuvox.de,10225144,saiRoo0ocoo,79 956 73 29,ul. Targowa 39,Kraków,30-529,PL,Poland
Ms.,Natasza,Sobczak,NataszaSobczak@einrot.com,10289145,Edoh0so6ei,67 769 45 51,ul. Ko?cieliska 31,Ko?cieliska,46-324,PL,Poland
Mr.,Benedykt,Borkowski,BenedyktBorkowski@jourrapide.com,10134146,quu9shohZei,079 5106 9109,83 Nottingham Rd,ABERHOSAN,SY20 3GD,GB,United Kingdom
Ms.,Ursula,Krause,UrsulaKrause@teleworm.us,10191147,aPh8if8eiqu,078 8711 7356,9 Front Street,LADYCROSS,PL15 0PZ,GB,United Kingdom
Ms.,Yasmin,Parry,YasminParry@fleckens.hu,10288148,Ugaicom5,754 145 332,Ourense 6,Castellvell del Camp,43392,ES,Spain
Mr.,Tobiasz,Pawlak,TobiaszPawlak@armyspy.com,10282149,ooK5rooFoo,78 769 01 94,ul. Margaretkowa 38,Konin,62-502,PL,Poland
Mr.,Wac?aw,Czerwinski,WaclawCzerwinski@teleworm.us,10023150,Iemaer5haev,0325 1888522,Via Solfatara 122,Quaranti,14040,IT,Italy
Mr.,Cameron,Rogers,CameronRogers@rhyta.com,10399151,uaFe2azei,070 8127 5285,78 Pier Road,STANTON,NE65 1NQ,GB,United Kingdom
Mr.,Gianetto,Russo,GianettoRusso@einrot.com,10249152,aex2phiYe,06444 79 04 66,Budapester Straße 69,Bischoffen,35649,DE,Germany
Mrs.,Radomi?a,Zielinska,RadomilaZielinska@rhyta.com,10033153,joh0aig0Ui,0378 5706105,Via Castelfidardo 37,Campana,87061,IT,Italy
Ms.,Azzurra,Palermo,AzzurraPalermo@einrot.com,10082154,Iajo7aequ,60 547 85 31,ul. Skotnica 129,Kraków,31-335,PL,Poland
Mrs.,Mafalda,Toscano,MafaldaToscano@armyspy.com,10212155,tah9Quinie,779 984 445,Avenida Cervantes 3,Elorrio,48230,ES,Spain
Mrs.,Katharina,Eisenberg,KatharinaEisenberg@dayrep.com,10222156,uo1Dae8ij8Ee,03.23.89.23.54,81 rue du Faubourg National,THIONVILLE,57100,FR,France
Ms.,Jennifer,McDonald,JenniferPMcDonald@fleckens.hu,10165157,Ohcah0ik7m,758 134 075,Rúa do Paseo 85,Castilleja de la Cuesta,41950,ES,Spain
Mrs.,Nunzia,Cattaneo,NunziaCattaneo@rhyta.com,10369158,ohXai1Phiem,06706 46 52 77,Guentzelstrasse 5,Hargesheim,55595,DE,Germany
Mr.,Gavino,Sal,GavinoSal@armyspy.com,10012159,Ohkee3zahFi,079 8823 5078,68 Shire Oak Road,SCAFTWORTH,DN10 9SW,GB,United Kingdom
Ms.,Isobel,Bray,IsobelBray@fleckens.hu,10316160,PheeGaeL8oh,02.84.71.91.86,55 rue Isambard,FOUGÈRES,35300,FR,France
Mrs.,Manon,Breton,ManonBreton@einrot.com,10117161,mooP5chieNie,09134 61 28 85,Mellingburgredder 21,Dormitz,91077,DE,Germany
Ms.,Walentyna,Zawadzka,WalentynaZawadzka@rhyta.com,10135162,ohr9ZeeP,02.18.55.64.87,87 rue Michel Ange,LE HAVRE,76610,FR,France
Mr.,Luca,Onio,LucaOnio@gustr.com,10268163,ho9Ahseiz9,04.66.35.70.47,97 rue Pierre Motte,SAINTE-FOY-LÈS-LYON,69110,FR,France
Ms.,Amy,Bradley,AmyBradley@armyspy.com,10017164,aiT7ooJed,773 195 434,Paseo del Atlántico 36,Alhama de Granada,18120,ES,Spain
Mr.,Niklas,Durr,NiklasDurr@fleckens.hu,10071165,OBai0oi4ei,070 6524 0081,68 Oxford Rd,WRAYSBURY,TW19 5FU,GB,United Kingdom
Mrs.,Jeanette,Roy,JeanetteRoy@armyspy.com,10167166,eeRoec3y,079 2729 1959,63 Argyll Street,STAINDROP,DL2 8XH,GB,United Kingdom
Mr.,Millard,Brousseau,MillardBrousseau@fleckens.hu,10246167,thoo3Gaec5n,0399 5432190,Via Paolo Gaidano 133,Pocenia,33050,IT,Italy
Ms.,El?bieta,Sobczak,ElzbietaSobczak@cuvox.de,10082168,QueYoo9fuuphie,0421 85 48 99,Grolmanstraße 2,Bremen Burg-Grambke,28239,DE,Germany
Ms.,Dorothy,Duval,DorothyMDuval@dayrep.com,10238169,eew0Af0sh,0347 4255759,Via dei Serpenti 7,Ponte Caffaro,25070,IT,Italy
Mrs.,Maddison,Metcalfe,MaddisonMetcalfe@cuvox.de,10275170,saeDua3ee,03.72.59.82.39,18 rue de la République,LUNÉVILLE,54300,FR,France
Mr.,Rolando,Udinesi,RolandoUdinesi@jourrapide.com,10138171,Wai8gaewahP,01.90.30.51.78,96 rue de la Mare aux Carats,MONTROUGE,92120,FR,France
Mr.,Curtis,Devoe,CurtisDevoe@dayrep.com,10285172,aeleiGae7vee6,07841 45 70 58,Waldowstr. 80,Sasbachwalden,77887,DE,Germany
Mr.,Porter,Blanc,PorterBlanc@teleworm.us,10397173,kieZoo9Kus4,079 3828 6656,42 Chapel Lane,ARMADALE,KW14 6TL,GB,United Kingdom
Mr.,Christopher,Smolen,ChristopherJSmolen@dayrep.com,10347174,eiKai9Thaex,03.34.88.76.57,87 rue des lieutemants Thomazo,DIJON,21000,FR,France
Ms.,Berenice,Onio,BereniceOnio@fleckens.hu,10144175,aiQuie5sh,01.03.37.48.46,83 Rue de la Pompe,MANTES-LA-JOLIE,78200,FR,France
Mrs.,Uta,Hoover,UtaHoover@dayrep.com,10213176,cheigh3ae3S,0367 9124408,Piazza Garibaldi 78,Pisterzo,04010,IT,Italy
Mr.,Mason,Manning,MasonManning@einrot.com,10033177,AiSeeTuch3,757 263 349,C/ Hijuela de Lojo 24,Berastegi,20492,ES,Spain
Mrs.,Henryka,Wieczorek,HenrykaWieczorek@armyspy.com,10342178,IoT3phioch,077 0353 7804,69 Quay Street,NACTON,IP10 2ZF,GB,United Kingdom
Mrs.,Jasmine,Gough,JasmineGough@einrot.com,10381179,zouN3Theiw,629 649 724,Avendaño 75,Níjar,04100,ES,Spain
Mrs.,Dolores,Thomson,DoloresKThomson@teleworm.us,10091180,Seph2eith,0671 96 80 26,Neue Roßstr. 88,Bad Kreuznach Ippesheim,55545,DE,Germany
Mr.,Arnou,Lamontagne,ArnouLamontagne@fleckens.hu,10279181,rieGohMod7,741 561 467,Padre Caro 68,Herencia,13640,ES,Spain
Mr.,Wolfgang,Fink,WolfgangFink@gustr.com,10073182,aeg0Ooth,0328 4957279,Via Cavour 26,Pignataro Maggiore,81052,IT,Italy
Mrs.,Ernestine,Ponder,ErnestineDPonder@rhyta.com,10079183,einueX4joh,78 574 37 32,Pl. Niepodleg?o?ci 143,Kielce,25-506,PL,Poland
Mr.,Wojtek,Czarnecki,WojtekCzarnecki@dayrep.com,10012184,ohg2eeCeph,0348 2403585,Via Antonio Cecchi 66,Pellestrina,30010,IT,Italy
Mr.,Luca,Lombardo,LucaLombardo@fleckens.hu,10111185,aequaes0ahQu,01.15.72.34.75,59 Place du Jeu de Paume,VILLEJUIF,94800,FR,France
Mr.,Agrican,Corbeil,AgricanCorbeil@rhyta.com,10312186,Io4if7chul,0333 1024012,Via Pisanelli 126,Cosina,48010,IT,Italy
Mr.,Gordon,Beers,GordonKBeers@teleworm.us,10325187,puShahw5ee,01.52.18.56.88,22 rue La Boétie,PARIS,75013,FR,France
Mr.,Joshua,Koerner,JoshuaMKoerner@teleworm.us,10054188,xoiYa7esh,079 5811 3644,64 Jubilee Drive,CAUNDLE MARSH,DT9 7QA,GB,United Kingdom
Mr.,Colombano,Trevisan,ColombanoTrevisan@teleworm.us,10391189,OcoocohRai0,0334 0579665,Via del Piave 112,Abbazia,15024,IT,Italy
Ms.,Frédérique,Lesage,FrederiqueLesage@cuvox.de,10251190,bee5ahngae6E,06238 74 56 15,Hermannstrasse 45,Heuchelheim bei Frankenthal,67259,DE,Germany
Ms.,Franziska,Gottschalk,FranziskaGottschalk@einrot.com,10134191,At1iciemua,0336 6405352,Via dei Serpenti 2,Manerbio,25025,IT,Italy
Mr.,Norman,Fluellen,NormanMFluellen@armyspy.com,10272192,Ookae6ohp7s,070 4335 0681,97 Uxbridge Road,SLALEY,NE47 0SQ,GB,United Kingdom
Mr.,Alojzy,Koz?owski,AlojzyKozlowski@cuvox.de,10366193,ophoo8Paez2,78 930 91 85,ul. Wróblewskiego 143,Opole,45-760,PL,Poland
Mr.,Crescente,Castiglione,CrescenteCastiglione@einrot.com,10349194,OuJ2aim8o,02.81.12.55.90,68 Chemin Du Lavarin Sud,CAEN,14000,FR,France
Mr.,Dominik,Ostrowski,DominikOstrowski@dayrep.com,10266195,eth8Cooba,0351 1593899,Via Piave 60,Sant'Elia,88050,IT,Italy
Mr.,Isidoro,Bellucci,IsidoroBellucci@einrot.com,10124196,Kah9quic,079 4698 6251,85 Nith Street,GLEDHOW,LS8 8FS,GB,United Kingdom
Mrs.,Józefa,Symanska,JozefaSymanska@superrito.com,10318197,Zohngai0,03.19.88.84.40,47 rue Victor Hugo,COUDEKERQUE-BRANCHE,59210,FR,France
Ms.,Marina,Boehm,MarinaBoehm@gustr.com,10183198,iiz3Eaw1zoo,0336 1590770,Via Antonio Beccadelli 125,Torrepaduli,73040,IT,Italy
Mrs.,Sabine,Moench,SabineMoench@superrito.com,10091199,wohd2eiP4ah,02638 92 28 96,Wallstrasse 37,Waldbreitbach,56588,DE,Germany
Ms.,Kimberly,Estes,KimberlyPEstes@einrot.com,10223200,Wai7shoD,078 0291 4596,33 Overton Circle,LITTLE WOLFORD,CV36 3PL,GB,United Kingdom
Mr.,Simone,Zito,SimoneZito@teleworm.us,10238201,eiFahwooma8,601 813 488,Padre Caro 26,Socuéllamos,13630,ES,Spain
Ms.,Alvisa,Lori,AlvisaLori@teleworm.us,10263202,oR8eifie,03.24.99.98.61,51 rue du Général Ailleret,LENS,62300,FR,France
Mrs.,Katie,Parkes,KatieParkes@rhyta.com,10294203,Eiyeech7oo,66 984 98 55,ul. Makuszy?skiego Karola 39,Gdynia,81-595,PL,Poland
Mr.,Johnathan,Mills,JohnathanHMills@dayrep.com,10131204,waemeimu6O,077 7552 5324,82 Foregate Street,COED MORGAN,NP7 9RS,GB,United Kingdom
Mr.,Dieter,Weisz,DieterWeisz@jourrapide.com,10178205,ooSeiNg5a,0399 8337368,Via Rocca de Baldi 134,Lampazzone,89866,IT,Italy
Mr.,Paul,Mehler,PaulMehler@jourrapide.com,10349206,Dae4heig,02.43.36.87.83,3 avenue Jules Ferry,SOTTEVILLE-LÈS-ROUEN,76300,FR,France
Ms.,Anna,Schreiner,AnnaSchreiner@cuvox.de,10337207,hohk5AiKaloh,78 548 44 19,ul. Wio?larska 104,Kraków,30-206,PL,Poland
Mr.,Amadej,Jaworski,AmadejJaworski@fleckens.hu,10033208,weo9oiNg9fosh,079 2980 3839,5 Hounslow Rd,SONNING COMMON,RG4 2ZT,GB,United Kingdom
Mr.,Adam,Allen,AdamAllen@einrot.com,10216209,thebei1Ie,0369 0642225,Vicolo Calcirelli 109,San Giuliano Trentapiedi,91100,IT,Italy
Mrs.,Alicia,Faulkner,AliciaFaulkner@armyspy.com,10251210,yohdokei1Ae,08504 93 05 53,Ziegelstr. 23,Saldenburg,94163,DE,Germany
Mr.,Narcyz,Zielinski,NarcyzZielinski@einrot.com,10014211,Ih1ubof8ath,780 601 892,Visitación de la Encina 93,Cereceda de la Sierra,37693,ES,Spain
Mr.,Azelio,Marchesi,AzelioMarchesi@armyspy.com,10241212,doh7Thaifash,01.72.76.36.51,50 rue Marguerite,VIRY-CHÂTILLON,91170,FR,France
Mr.,Paul,Abend,PaulAbend@jourrapide.com,10349213,Chae6Reek,03623 25 11 43,Heinrich Heine Platz 95,Friedrichroda,99892,DE,Germany
Mr.,David,Hirsch,DavidHirsch@rhyta.com,10073214,Jeengoo8aej,646 562 440,C/ Cuevas de Ambrosio 40,Alcalá la Real,23680,ES,Spain
Mrs.,Anke,Kuster,AnkeKuster@einrot.com,10191215,ie3aRahx,01.11.85.58.50,36 Rue Bonnet,YERRES,91330,FR,France
Mr.,Les?aw,Kaczmarek,LeslawKaczmarek@superrito.com,10262216,Fi7uuW2Z,619 433 766,La Fontanilla 62,Valsequillo,14206,ES,Spain
Mr.,Cloridan,Dupéré,CloridanDupere@cuvox.de,10073217,eiZ4Pizae,769 364 410,Crta. Cádiz-Málaga 94,Torralba del Pinar,12225,ES,Spain
Mr.,Philipp,Klein,PhilippKlein@rhyta.com,10225218,rue7Ohnosh,02137 14 02 63,Am Borsigturm 35,Neuss Holzheim,41472,DE,Germany
Mrs.,Katie,Norman,KatieNorman@rhyta.com,10172219,toh4EeQuaes,078 7221 3771,65 Wressle Road,PLAS-RHIW-SAESON,SY19 9PU,GB,United Kingdom
Ms.,Jessica,Espinoza,JessicaAEspinoza@fleckens.hu,10325220,zuYak2oojah,077 4157 9634,75 Uxbridge Road,SKIRWITH,CA10 3BQ,GB,United Kingdom
Ms.,Jennifer,Camacho,JenniferACamacho@jourrapide.com,10232221,po4EiK8ph,760 270 418,Padre Caro 79,Torrenueva,13740,ES,Spain
Mrs.,Katja,Seiler,KatjaSeiler@rhyta.com,10175222,ni6oHaesh,079 8452 2531,59 Consett Rd,HILDERTHORPE,YO15 2UP,GB,United Kingdom
Ms.,Joy,Chestnut,JoyPChestnut@armyspy.com,10328223,iuXee6shah4,070 0652 6041,41 Redcliffe Way,WOODSIDE,KY7 2NA,GB,United Kingdom
Ms.,Liberata,Angelo,LiberataAngelo@einrot.com,10267224,paiyo8Joh,05.09.76.62.19,63 rue Clement Marot,PESSAC,33600,FR,France
Ms.,Angelika,Schweizer,AngelikaSchweizer@einrot.com,10239225,Ziecup9ai,02.41.33.20.91,35 rue Cazade,DREUX,28100,FR,France
Mr.,Aldo,Palermo,AldoPalermo@jourrapide.com,10073226,vieC8fiel,079 7530 7443,95 Park End St,BROKEN CROSS,SK11 5EH,GB,United Kingdom
Mrs.,Charlie,Wright,CharlieWright@cuvox.de,10336227,chae4Bahr8S,04.49.53.06.00,94 rue du Château,SAINT-ÉTIENNE,42100,FR,France
Mr.,Jayden,Baldwin,JaydenBaldwin@cuvox.de,10261228,thaiqu2U,070 1523 6299,98 Souterhead Road,LOUNT,LE65 9XF,GB,United Kingdom
Mr.,Lucius,Gallo,LuciusGallo@jourrapide.com,10189229,neR8Phoo5y,079 2173 7972,21 North Promenade,DORNEY,SL4 4LT,GB,United Kingdom
Mr.,Dominik,Zimmerman,DominikZimmerman@dayrep.com,10291230,Gai2zaik3ach,06543 92 20 84,Ansbacher Strasse 20,Sohren,55487,DE,Germany
Mr.,Ziemowit,Piotrowski,ZiemowitPiotrowski@cuvox.de,10287231,Ailai5je,0391 2368632,Discesa Gaiola 142,Piano San Nicola,85020,IT,Italy
Mr.,Sebastian,Reynolds,SebastianReynolds@armyspy.com,10222232,ou7no1Ph,079 1180 2801,12 Great Western Road,LONGHILL,AB42 4EY,GB,United Kingdom
Ms.,S?awomira,Gorska,SlawomiraGorska@einrot.com,10044233,xiek3Meuya,733 315 135,Avda. Explanada Barnuevo 48,Tejeda,35360,ES,Spain
Mr.,Benjamin,Brasseur,BenjaminBrasseur@cuvox.de,10237234,Eng8iB7Li,0356 7665857,Via Carlo Alberto 131,Livo,22010,IT,Italy
Ms.,Wiktoria,Zielinska,WiktoriaZielinska@armyspy.com,10386235,duchoh7Ei,53 538 51 31,ul. Szamarzewskiego Augustyna 32,Pozna?,60-551,PL,Poland
Ms.,Avice,Bouchard,AviceBouchard@dayrep.com,10334236,Aegiet1ee,67 718 73 08,ul. Podhala?ska 73,Grudzi?dz,86-303,PL,Poland
Mr.,Christian,Grunewald,ChristianGrunewald@jourrapide.com,10129237,oozieGh0wieng,04.21.45.57.66,97 rue Gontier-Patin,AGDE,34300,FR,France
Mr.,Frank,Fried,FrankFried@fleckens.hu,10069238,oe1oa5Zuth,06566 12 51 11,Luetzowplatz 51,Ammeldingen an der Our,54675,DE,Germany
Mr.,Noah,John,NoahJohn@fleckens.hu,10182239,aeT5oi9ei,0365 5985534,Discesa Gaiola 97,Ginestra,85020,IT,Italy
Mr.,Alfie,Stokes,AlfieStokes@cuvox.de,10137240,ooqu0Ahph,697 305 663,Canónigo Valiño 6,Puig,46540,ES,Spain
Mr.,Niklas,Fuchs,NiklasFuchs@gustr.com,10149241,Iof4yoo4a,630 102 591,Pascual Yunquera 44,Albuñol,18700,ES,Spain
Mr.,Carmelo,Arcuri,CarmeloArcuri@armyspy.com,10264242,vaN9Heet,79 948 28 70,ul. Skórzana 121,Bia?ystok,15-284,PL,Poland
Ms.,Angela,Brammer,AngelaRBrammer@cuvox.de,10282243,QuujooLu8jei,04.83.53.19.66,65 rue du Fossé des Tanneurs,TOULON,83000,FR,France
Mr.,Kevin,Zambrana,KevinRZambrana@einrot.com,10044244,ShiTh0eesh,53 619 07 03,ul. Migda?owa 68,Kraków,30-222,PL,Poland
Ms.,Lena,Beyer,LenaBeyer@rhyta.com,10066245,Naeteri6Shoo,040 29 84 52,Waßmannsdorfer Chaussee 96,Hamburg Alsterdorf,22337,DE,Germany
Ms.,Irene,Calabrese,IreneCalabrese@armyspy.com,10168246,Ue2eituep,72 450 05 11,ul. Przemys?owa 19,Gda?sk,80-542,PL,Poland
Ms.,Iwona,Zawadzka,IwonaZawadzka@superrito.com,10125247,Up0eivae,716 359 877,Avda. Enrique Peinador 12,Villaseco de los Reyes,37150,ES,Spain
Mrs.,Édith,Simon,EdithSimon@armyspy.com,10077248,oju9oifieMah,09358 53 75 27,Alter Wall 40,Karsbach,97783,DE,Germany
Mr.,Marceli,Michalski,MarceliMichalski@superrito.com,10391249,iutoTei3aolae,0376 4730680,Via Nazionale 75,Sand In Taufers,39032,IT,Italy
Mrs.,Marie,Brandt,MarieBrandt@superrito.com,10244250,vu7Xeem1iu8,620 139 505,Avda. Los llanos 46,Nájera,26300,ES,Spain
Mrs.,Kunegunda,Jab?o?ska,KunegundaJablonska@gustr.com,10115251,utie6aiV0Ch,070 6294 1994,2 Park Place,CASTLEMILK,DG11 4BX,GB,United Kingdom
Ms.,Poppy,Powell,PoppyPowell@fleckens.hu,10078252,ePohp3Zie4,03.45.90.53.01,8 rue des Chaligny,NEVERS,58000,FR,France
Mrs.,Rive,Mailly,RiveMailly@dayrep.com,10146253,co4Fah5ooR,04821 44 02 74,An Der Urania 55,Itzehoe,25509,DE,Germany
Mrs.,Natalia,Lori,NataliaLori@teleworm.us,10078254,phe2Kais,620 965 400,Cruce Casa de Postas 14,Chauchina,18330,ES,Spain
Mrs.,Jessika,Vogler,JessikaVogler@fleckens.hu,10299255,Iev7eeth8ae,04.63.58.10.17,8 Avenue De Marlioz,ANTIBES,06600,FR,France
Mr.,Tadzio,Zawadzki,TadzioZawadzki@cuvox.de,10299256,ooBee7Zoo9,0431 38 30 47,Genterstrasse 49,Kiel,24063,DE,Germany
Ms.,Marjorie,Scott,MarjorieDScott@teleworm.us,10333257,uShal6roo,09203 30 50 61,Ellmenreichstrasse 85,Harsdorf,95499,DE,Germany
Mr.,Searlas,Bourque,SearlasBourque@rhyta.com,10116258,ux8iJ2uSifoh,02.47.68.67.31,21 rue du Château,SAINT-ÉTIENNE-DU-ROUVRAY,76800,FR,France
Mr.,Robert,Desnoyer,RobertDesnoyer@cuvox.de,10045259,raiquai2Cohqu,732 447 808,C/ Señores Curas 55,Atzeneta del Maestrat,12132,ES,Spain
Mr.,Sébastien,Soucy,SebastienSoucy@superrito.com,10122260,Eemuicoh5y,01.76.51.56.95,60 boulevard Amiral Courbet,ORLY,94310,FR,France
Mr.,Colombano,Moretti,ColombanoMoretti@armyspy.com,10133261,Ohngoosh2r,616 026 401,Salzillo 76,Calvos de Randín,32644,ES,Spain
Ms.,Christine,Becker,ChristineBecker@rhyta.com,10232262,pohsii8Ei,0323 7304816,Via Antonio da Legnago 49,Messignadi,89010,IT,Italy
Mr.,Seweryn,Nowicki,SewerynNowicki@superrito.com,10188263,iicootohTe9z,078 1705 8409,89 Constitution St,LLANGERNYW,LL22 0YT,GB,United Kingdom
Mrs.,Hedvige,Bonsaint,HedvigeBonsaint@teleworm.us,10155264,wah9Be8wei,05.09.16.55.04,20 quai Saint-Nicolas,TOURNEFEUILLE,31170,FR,France
Mrs.,Sienna,Smith,SiennaSmith@superrito.com,10038265,eiS8wahquii,03425 76 37 15,Alt-Moabit 3,Wurzen,04801,DE,Germany
Ms.,Nadzieja,Zielinska,NadziejaZielinska@rhyta.com,10039266,shoh2HojieL,78 195 96 00,ul. ?lusarska 61,Bia?ystok,15-714,PL,Poland
Mr.,Oscar,Singh,OscarSingh@superrito.com,10037267,Oopa4auf3c,02202 60 66 09,Lietzenburger Strasse 77,Bergisch Gladbach Gronau,51465,DE,Germany
Mrs.,Clémence,Mousseau,ClemenceMousseau@fleckens.hu,10093268,maez1Phai,077 2574 0493,80 Worthy Lane,MAWBRAY,CA15 5UR,GB,United Kingdom
Ms.,Aubine,Longpré,AubineLongpre@dayrep.com,10396269,Ok9Cei0aib,03.14.27.20.51,52 Rue Marie De Médicis,CAMBRAI,59400,FR,France
Mr.,Norberto,Mancini,NorbertoMancini@gustr.com,10088270,aepiw0Za1boh,0337 8860022,Via Francesco Del Giudice 20,San Carlo,44040,IT,Italy
Mr.,Thorsten,Jaeger,ThorstenJaeger@einrot.com,10135271,ijieshei9Rie,08153 59 98 01,Prager Str 67,Weßling,82230,DE,Germany
Mr.,Eugene,Garofalo,EugeneSGarofalo@cuvox.de,10039272,cie2eteiG5ah,06737 87 21 00,Brandenburgische Str 3,Köngernheim,55278,DE,Germany
Ms.,Michela,Pugliesi,MichelaPugliesi@fleckens.hu,10139273,xai7IeJiequ,03.17.22.31.10,90 quai Saint-Nicolas,TOURCOING,59200,FR,France
Mrs.,Alice,St-Jean,AliceSt-Jean@jourrapide.com,10137274,wooRueli1,0311 4476251,Via Torre di Mezzavia 80,Alzate Brianza,22040,IT,Italy
Mrs.,Stephanie,Kuhn,StephanieKuhn@einrot.com,10255275,aeSh0oath,079 6756 7342,43 Harrogate Road,SADDLE BOW,PE34 1FQ,GB,United Kingdom
Mr.,Celestyn,Jaworski,CelestynJaworski@superrito.com,10054276,oomi2Chouph,69 919 31 16,ul. Zielona 109,W?gierska Górka,34-350,PL,Poland
Ms.,Florence,Bryan,FlorenceDBryan@jourrapide.com,10253277,aejooY6P,079 0654 8141,7 Caerfai Bay Road,TERRINGTON ST JOHN,PE34 5TS,GB,United Kingdom
Ms.,Avelaine,Gabriaux,AvelaineGabriaux@jourrapide.com,10015278,saeMash0,078 0218 4117,15 Front Street,LADYKIRK,TD15 0FQ,GB,United Kingdom
Mrs.,Tekla,Koz?owska,TeklaKozlowska@einrot.com,10212279,Vi4gaighee,039991 67 04,Adenauerallee 49,Bartow,17089,DE,Germany
Ms.,Barbara,Schiffer,BarbaraSchiffer@dayrep.com,10218280,AiquahwaiN0J,0383 9704782,Via Catullo 142,Ocre,67040,IT,Italy
Ms.,Nicole,Schmid,NicoleSchmid@fleckens.hu,10355281,eghah4Nah,05.61.12.67.23,33 Place de la Gare,COLOMIERS,31770,FR,France
Mrs.,Roberta,Lorenzo,RobertaLorenzo@superrito.com,10259282,Jieb8rah0Mae,05842 43 54 00,Lietzenburger Straße 59,Schnega,29465,DE,Germany
Ms.,Eva,Wheeler,EvaWheeler@jourrapide.com,10056283,eeV5la0ohle,0384 2988850,Via Licola Patria 18,Montefusco,83030,IT,Italy
Mr.,Ethan,Johnson,EthanJohnson@einrot.com,10048284,jaHie1Koo,09131 65 62 76,Mellingburgredder 9,Erlangen,91058,DE,Germany
Mr.,Venanzio,Ferrari,VenanzioFerrari@armyspy.com,10138285,ahj6riiMae,09194 84 81 32,Ellmenreichstrasse 45,Ebermannstadt,91316,DE,Germany
Mr.,Nicholas,Munos,NicholasNMunos@rhyta.com,10391286,aeGhu3ahgei,0373 7925728,Via Gaetano Donizetti 34,Baldaria,37044,IT,Italy
Mr.,Alphonse,Dodier,AlphonseDodier@armyspy.com,10133287,cae6eiCh7al,667 166 881,Rúa Olmos 70,Rágama,37318,ES,Spain
Mr.,Bruno,Chastain,BrunoChastain@superrito.com,10313288,aeVeey1opoo,88 311 63 65,ul. Niepodleg?o?ci 64,Lublin,20-246,PL,Poland
Mr.,Dennis,Herman,DennisHerman@superrito.com,10352289,phah5or4Ki,0380 8911802,Via Croce Rossa 103,Sas Murtas,08020,IT,Italy
Mr.,Ralph,Saenger,RalphSaenger@teleworm.us,10317290,iom5oV2iej,659 212 624,El Roqueo 57,A Baña,15863,ES,Spain
Mrs.,Justyna,Zielinska,JustynaZielinska@armyspy.com,10386291,oht2Eu0joh,03937 76 55 99,Ruschestrasse 66,Osterburg,39602,DE,Germany
Ms.,Vanna,Baresi,VannaBaresi@armyspy.com,10167292,hoo2the9Shai,0208 42 93 16,Jenaer Strasse 19,Oberhausen Borbeck,46117,DE,Germany
Ms.,Kunegunda,D?browski,KunegundaDabrowski@superrito.com,10395293,Wu6weishohng,03.03.91.90.44,56 rue Descartes,STRASBOURG,67200,FR,France
Mr.,Tobias,Reiniger,TobiasReiniger@fleckens.hu,10225294,oNiu6ahce,079 2131 8854,53 Scarcroft Road,PORTISHEAD,BS20 5SX,GB,United Kingdom
Ms.,Mindy,Dietrich,MindyJDietrich@fleckens.hu,10093295,Soogaik4oo,79 985 13 40,ul. Jesionowa 44,Lublin,20-351,PL,Poland
Mr.,William,Sanchez,WilliamMSanchez@fleckens.hu,10399296,muuTh0ahchai,0336 0724964,Via Castelfidardo 4,Castrovillari,87012,IT,Italy
Mrs.,Barbara,Fuhrmann,BarbaraFuhrmann@rhyta.com,10375297,eeni3Ooj,0353 3749079,Vicolo Cieco Fondachetto 131,Palinuro,84064,IT,Italy
Mrs.,Lisa,Nacht,LisaNacht@gustr.com,10161298,Phai4leigh,0228 71 08 09,Straße der Pariser Kommune 22,Bonn,53123,DE,Germany
Mr.,Ferrau,Aupry,FerrauAupry@superrito.com,10031299,LoB7EwaaTh,0341 50 76 19,Prenzlauer Allee 24,Leipzig,04131,DE,Germany
Mrs.,Arlette,Begin,ArletteBegin@gustr.com,10167300,mohquee1ieW,78 969 05 44,ul. Ró?ana 122,Bia?ystok,15-669,PL,Poland
Ms.,Brigette,Waits,BrigetteAWaits@superrito.com,10216301,ahfa0neHoh,05.21.90.31.96,48 avenue Voltaire,MAISONS-ALFORT,64700,FR,France
Ms.,Lidia,Piotrowska,LidiaPiotrowska@jourrapide.com,10048302,hees3Uz7iej,06381 74 27 29,Hardenbergstraße 73,Rammelsbach,66887,DE,Germany
Mrs.,Katarzyna,Sawicka,KatarzynaSawicka@rhyta.com,10323303,poo3Uoyoo,08306 17 03 88,Alt Reinickendorf 94,Ottobeuren,87721,DE,Germany
Ms.,Marcelina,Tomaszewska,MarcelinaTomaszewska@cuvox.de,10053304,needo9fie6T,0330 1141413,Via del Carmine 147,Sant'Ulderico Di Tretto,36030,IT,Italy
Ms.,Germana,Padovano,GermanaPadovano@dayrep.com,10336305,xuPah8xie,0346 9551958,Via del Viminale 4,Cagliari,09125,IT,Italy
Mr.,Dennis,Hogan,DennisSHogan@jourrapide.com,10057306,iRudaeroot7,05603 32 58 81,Leipziger Straße 69,Gudensberg,34281,DE,Germany
Mr.,Ewan,Vaughan,EwanVaughan@einrot.com,10052307,xie0wahJooqu,02.95.76.04.71,80 rue des Coudriers,MONT-SAINT-AIGNAN,76130,FR,France
Mr.,Alexander,Müller,AlexanderMuller@dayrep.com,10267308,cae2ooP2,53 812 60 40,ul. Borowa 129,Olsztyn,10-242,PL,Poland
Mr.,Settimo,Zito,SettimoZito@dayrep.com,10023309,laew3dieVo,08707 74 88 36,Neuer Jungfernstieg 90,Landshut,84028,DE,Germany
Mr.,Dionisio,Lombardi,DionisioLombardi@armyspy.com,10333310,iewair9geiSh,05.09.73.49.31,27 rue de Groussay,RODEZ,12000,FR,France
Mr.,Paciano,Lucciano,PacianoLucciano@superrito.com,10226311,reeshe9Pakie,53 412 05 24,ul. Spokojna 138,Wroc?aw,52-226,PL,Poland
Mr.,Cezar,Zielinski,CezarZielinski@jourrapide.com,10126312,Daiquai8pee,67 695 12 74,ul. Gogola Miko?aja 22,?ód?,92-513,PL,Poland
Ms.,Jennifer,Francis,JenniferFrancis@gustr.com,10125313,Pamahc5Uep,72 119 87 75,ul. 11 Listopada 81,Radom,26-615,PL,Poland
Ms.,Scarlett,Bibi,ScarlettBibi@gustr.com,10392314,pahna0aiC,01.93.22.94.01,91 rue Marguerite,VILLIERS-LE-BEL,95400,FR,France
Mrs.,Orva,Gaillou,OrvaGaillou@gustr.com,10124315,Nie8quiemi3,0323 4134137,Via Paolo Gaidano 63,Moruzzo,33030,IT,Italy
Mr.,Lyle,Tisserand,LyleTisserand@rhyta.com,10393316,Euwei3ae,72 711 34 76,ul. Na Jaworzu 61,Rzeszów,35-330,PL,Poland
Mr.,Patrick,Sanderson,PatrickSanderson@armyspy.com,10077317,Us4shausah,723 870 343,Avda. Enrique Peinador 69,El Manzano,37171,ES,Spain
Mr.,George,Turnbull,GeorgeTurnbull@teleworm.us,10261318,een2Quoo7,51 612 42 89,ul. Gospodarska 4,Szczecin,70-015,PL,Poland
Mrs.,Genowefa,Wo?niak,GenowefaWozniak@einrot.com,10112319,aengeeNg9c,72 477 62 36,ul. Genera?a D?browskiego Jaros?awa 44,?ód?,93-137,PL,Poland
Ms.,Janina,Baier,JaninaBaier@jourrapide.com,10397320,ieRieh8koo,040 22 09 52,Fasanenstrasse 59,Hamburg Ohlsdorf,22391,DE,Germany
Ms.,Tammy,Smith,TammyPSmith@einrot.com,10367321,Suu1etaebai,78 645 42 90,ul. Sto?eczna 38,Bia?ystok,15-880,PL,Poland
Mr.,Toby,Moran,TobyMoran@gustr.com,10192322,Xah0ushoebae,79 179 89 78,ul. Przylesie 58,Warszawa,03-153,PL,Poland
Ms.,Juliane,Bumgarner,JulianeBumgarner@teleworm.us,10371323,phahn8aKak,077 0836 0854,43 Dover Road,WESTGATE,DN9 6ST,GB,United Kingdom
Mr.,Curtis,Sheppard,CurtisASheppard@einrot.com,10373324,Dae6Shee,0431 11 37 53,Genterstrasse 2,Kiel,24103,DE,Germany
Mr.,Vick,Lagueux,VickLagueux@dayrep.com,10333325,kaeZae5ie,51 244 16 94,ul. Reja Miko?aja 147,Jastrz?bie-Zdrój,44-268,PL,Poland
Mr.,Bazyli,Kucharski,BazyliKucharski@jourrapide.com,10151326,quiuYaiKae9,67 585 34 59,ul. W?gierska 39,Bia?ystok,15-616,PL,Poland
Mr.,Maurycy,Ostrowski,MaurycyOstrowski@superrito.com,10225327,Pahghai6,040 23 35 59,Los-Angeles-Platz 52,Hamburg Tonndorf,22043,DE,Germany
Mr.,Oscar,Lynch,OscarLynch@superrito.com,10166328,Chupoh1oo,0721 74 53 30,Frankfurter Allee 94,Karlsruhe Waldstadt,76131,DE,Germany
Ms.,Edith,Norman,EdithWNorman@armyspy.com,10222329,eCaew2oj4,66 450 55 05,ul. Park Hutniczy 93,Chorzów,41-500,PL,Poland
Mr.,Raymond,Lacharité,RaymondLacharite@cuvox.de,10361330,deoth3uNg,05502 30 54 04,Meinekestraße 3,Göttingen,37081,DE,Germany
Mrs.,Kerstin,Schuster,KerstinSchuster@superrito.com,10335331,uz0AiHe1bohb,070 6659 1943,32 Fosse Way,ARDMOLICH,PH36 7SS,GB,United Kingdom
Ms.,Adelajda,Paw?owska,AdelajdaPawlowska@superrito.com,10263332,eeVash7aiqu,0395 4843022,Via Tasso 70,Perugia,06072,IT,Italy
Mr.,Wac?aw,Król,WaclawKrol@einrot.com,10177333,oom4shooP,685 676 598,Maestro Puig Valera 98,Valdés,33700,ES,Spain
Mr.,Tiziano,Mancini,TizianoMancini@superrito.com,10064334,Woo2pho3,02602 38 02 99,Stuttgarter Platz 47,Horbach,56412,DE,Germany
Mrs.,Marianne,Sykes,MarianneFSykes@dayrep.com,10383335,AeS4cohb,79 637 45 45,Al. Grunwaldzka 79,Gda?sk,80-241,PL,Poland
Mrs.,Amelia,Reid,AmeliaReid@fleckens.hu,10341336,Ju0faich4ai,070 6613 5161,6 Front St,HEMPTON,OX15 9XW,GB,United Kingdom
Mr.,Gabriel,Khan,GabrielKhan@dayrep.com,10294337,foTh2maewoh,034671 22 01,Holstenwall 89,Bad Frankenhausen,06562,DE,Germany
Mr.,Jack,Hutchinson,JackHutchinson@jourrapide.com,10315338,baas9Vu1jae,0363 5426802,Largo Febo 53,Cigole,25020,IT,Italy
Ms.,Lotye,Pitre,LotyePitre@jourrapide.com,10023339,xeR9taeniK4,07554 59 93 15,Hedemannstasse 84,Frickingen,88699,DE,Germany
Mr.,Frank,Daecher,FrankDaecher@cuvox.de,10016340,ech5Iasu,08066 22 13 66,Jahnstrasse 32,Bad Feilnbach,83072,DE,Germany
Ms.,Leokadia,Kwiatkowska,LeokadiaKwiatkowska@superrito.com,10095341,Cha2ou7Ov,671 503 330,Lamas Carbajal 25,Dos Hermanas,41700,ES,Spain
Mr.,Pierpont,Parrot,PierpontParrot@armyspy.com,10197342,ve3kooQuai,079 1928 2451,95 Holgate Rd,RAMSHOLT,IP12 4HP,GB,United Kingdom
Mrs.,Miros?awa,Piotrowska,MiroslawaPiotrowska@cuvox.de,10283343,Aipah8yeet,03.38.27.29.60,39 rue Léon Dierx,LOMME,59160,FR,France
Ms.,Abigail,Osborne,AbigailOsborne@cuvox.de,10182344,boo3Quai,077 5762 8443,45 Princes Street,ROMNEY STREET,TN15 1SU,GB,United Kingdom
Mr.,Benjamin,Pfaff,BenjaminPfaff@rhyta.com,10232345,OosaeTh6Y,0344 7972790,Via Piccinni 92,Bucciano,82010,IT,Italy
Mr.,Eric,Walter,EricWalter@superrito.com,10281346,baeh2aTis3,079 5406 5663,95 Buckingham Rd,THORNBY,NN6 1XR,GB,United Kingdom
Mr.,Dominik,Propst,DominikPropst@superrito.com,10152347,zie6OhLee,078 6547 2498,43 Fraserburgh Rd,LIDGATE,S18 1QP,GB,United Kingdom
Mr.,Protasio,Lucciano,ProtasioLucciano@superrito.com,10391348,OhD2aepeich,070 1130 3835,95 Front St,HEMYOCK,EX15 3QH,GB,United Kingdom
Mr.,Szczeosny,Koz?owski,SzczeosnyKozlowski@fleckens.hu,10367349,ChahGic6Oo,070 5580 4677,81 Boughton Rd,WHITSON,NP6 6BS,GB,United Kingdom
Mr.,Amadeusz,Kucharski,AmadeuszKucharski@fleckens.hu,10356350,eequ9Oon3boo,079 1361 1905,47 Bishopgate Street,SEAVILLE,CA5 4JE,GB,United Kingdom
Ms.,Bethany,Noble,BethanyNoble@fleckens.hu,10072351,Oke0eez2a,690 955 951,Rio Segura 73,Sesma,31293,ES,Spain
Mrs.,Annett,Winkel,AnnettWinkel@teleworm.us,10228352,pu1ohtheCiu,04.16.92.46.10,11 rue Banaudon,LYON,69005,FR,France
Dr.,Raymond,Laforge,RaymondLaforge@gustr.com,10317353,wooNg3beoSh,0354 2957114,Via Bonafous Alfonso 93,Trieste,34129,IT,Italy
Mrs.,Tawanna,Harmon,TawannaSHarmon@superrito.com,10043354,Aem5lieSh,681 057 837,Avendaño 51,Abrucena,04520,ES,Spain
Mr.,Patrick,Baldwin,PatrickBaldwin@superrito.com,10094355,ahQueegh3ei,0339 7348851,Via Santa Teresa degli Scalzi 115,Alia,90021,IT,Italy
Ms.,Adelinda,Zito,AdelindaZito@superrito.com,10187356,Chie6Vaek,077 1080 9788,95 Monks Way,TORRANCROY,AB36 6NF,GB,United Kingdom
Ms.,Jo,Rodriguez,JoMRodriguez@teleworm.us,10383357,EoJo8akei,685 862 039,San Andrés 65,San Felices de los Gallegos,37270,ES,Spain
Ms.,Guendalina,Cocci,GuendalinaCocci@fleckens.hu,10074358,eiWee1eeF4,641 757 698,Camiño Ancho 62,Endrinal,37766,ES,Spain
Mr.,Jacopo,Ricci,JacopoRicci@einrot.com,10179359,Thu6oogoh,51 273 28 95,ul. Jeziorna 81,Szczecin,70-843,PL,Poland
Ms.,Anselma,Iadanza,AnselmaIadanza@jourrapide.com,10189360,aife1Ophuyo,67 155 35 64,ul. Skaza?ców 84,Warszawa,01-532,PL,Poland
Ms.,Manon,Chastain,ManonChastain@superrito.com,10199361,uogaik5Ura,06400 15 11 39,Hollander Strasse 47,Mücke,35325,DE,Germany
Mrs.,Olga,Molina,OlgaAMolina@armyspy.com,10122362,zaeFeiw6Oe,628 118 296,Rúa de San Pedro 80,Arapiles,37796,ES,Spain
Mrs.,Lorena,Sal,LorenaSal@superrito.com,10324363,OoSh2noh6Ae,605 412 399,Pl. Virgen Blanca 15,Abrera,08630,ES,Spain
Ms.,Andrée,Duranseau,AndreeDuranseau@armyspy.com,10199364,iech7Quei,02.01.36.04.47,74 rue du Château,SAINT-ÉTIENNE-DU-ROUVRAY,76800,FR,France
Mr.,Jay,Auclair,JayAuclair@gustr.com,10168365,hooc2Ahmoo,69 669 11 39,ul. Szniolisa Aleksandra 48,Wroc?aw,51-180,PL,Poland
Mr.,Grzegorz,Sawicki,GrzegorzSawicki@rhyta.com,10382366,chacei0aPh,67 656 94 18,ul. Mo?cickiego 120,Cz?stochowa,42-228,PL,Poland
Ms.,Lena,Ritter,LenaRitter@fleckens.hu,10033367,Phee1Calei5,08337 76 44 51,Ufnau Strasse 40,Kellmünz,89293,DE,Germany
Mr.,Isauro,Mancini,IsauroMancini@armyspy.com,10222368,ooV6pe7fau9,078 6863 0758,4 Wressle Road,PITSCOTTIE,KY15 1NT,GB,United Kingdom
Ms.,Michelle,Holtzmann,MichelleHoltzmann@superrito.com,10064369,hel4ce3Bee,09603 17 52 36,Borstelmannsweg 27,Floß,92685,DE,Germany
Mr.,Armand,Pullen,ArmandAPullen@superrito.com,10319370,Fae3bei2aiz,06545 43 23 10,Ansbacher Strasse 71,Liesenich,56858,DE,Germany
Ms.,Laura,Curtin,LauraRCurtin@dayrep.com,10246371,eichiP7Oboh,757 594 555,Urzáiz 70,La Puebla de Híjar,44510,ES,Spain
Mr.,Elliot,Benson,ElliotBenson@jourrapide.com,10043372,EiWee1Ieba7,53 206 20 72,ul. Gosty?ska 72,Warszawa,01-151,PL,Poland
Mr.,Aidan,Farmer,AidanFarmer@rhyta.com,10232373,Sah7oy5Ae,608 983 161,C/ Libertad 58,Solosancho,05130,ES,Spain
Ms.,Melodie,de Launay,MelodiedeLaunay@fleckens.hu,10312374,eig3An0koo,51 595 61 23,ul. Chabrów 69,Opole,45-222,PL,Poland
Mr.,Benjamin,Koertig,BenjaminKoertig@superrito.com,10339375,Eigeik1W,06564 60 98 68,Rudower Strasse 39,Uppershausen,54673,DE,Germany
Mr.,Markus,Ackerman,MarkusAckerman@rhyta.com,10136376,no1Ahroa,070 1523 8983,32 Botley Road,MIGVIE,AB34 5GX,GB,United Kingdom
Mrs.,Katie,Adams,KatieAdams@rhyta.com,10061377,Aijierae1,0319 2761181,Piazza San Carlo 48,Villarboit,13030,IT,Italy
Mr.,Oscar,Wallis,OscarWallis@fleckens.hu,10252378,EiChagh6,69 596 39 56,ul. Hibnera W?adys?awa 66,Jaworzno,43-600,PL,Poland
Mr.,Terenzio,Piccio,TerenzioPiccio@jourrapide.com,10182379,oDei1iegh,02193 34 20 86,Lietzenburger Strasse 71,Burscheid,54673,DE,Germany
Mr.,Delmar,Bérubé,DelmarBerube@cuvox.de,10386380,uaL6eeth,078 3708 2442,73 Long Street,MILLMEECE,ST21 4UT,GB,United Kingdom
Mr.,Randy,Palmateer,RandyJPalmateer@einrot.com,10258381,Ceejeix2tah,621 513 154,Reiseñor 20,Quintanar de la Orden,45800,ES,Spain
Ms.,Odette,Arpin,OdetteArpin@einrot.com,10023382,huoCho9ashai,72 412 44 86,ul. Ofiar O?wi?cimskich 96,Wroc?aw,50-069,PL,Poland
Mr.,Janek,Wi?niewski,JanekWisniewski@gustr.com,10229383,vieshu5IW4,06221 95 02 25,Hermannstrasse 44,Heidelberg Kirchheim,69124,DE,Germany
Mr.,Baldovino,Dellucci,BaldovinoDellucci@superrito.com,10034384,xeiR3egh,05401 95 54 64,Meinekestraße 57,Hasbergen,49205,DE,Germany
Mr.,Marko,Schreiber,MarkoSchreiber@superrito.com,10095385,tharae0Eibei,88 129 19 90,ul. Ustronie 125,Wroc?aw,50-302,PL,Poland
Mr.,Ryan,Schofield,RyanSchofield@jourrapide.com,10319386,yai2ien5Eiv,05407 12 84 81,Meinekestraße 62,Bramsche,49565,DE,Germany
Mr.,Carl,Proctor,CarlTProctor@teleworm.us,10388387,Iesh0qua3zah,078 4752 6615,57 Cefn Road,FASCADALE,PH36 6FX,GB,United Kingdom
Mr.,Zygmunt,Wi?niewski,ZygmuntWisniewski@cuvox.de,10114388,zi9shaeke3Z,070 0179 3414,21 Park Row,EDENHALL,CA11 7YX,GB,United Kingdom
Mr.,Cloridan,Desrosiers,CloridanDesrosiers@teleworm.us,10194389,uh0dieGhoo,60 966 39 50,ul. Czarnieckiego Stefana 48,Jaworzno,43-600,PL,Poland
Mr.,Ivo,Milano,IvoMilano@dayrep.com,10048390,heePh3ahqu,783 291 943,Socampo 61,Aldehuela de Yeltes,37639,ES,Spain
Mr.,Luke,Davies,LukeDavies@dayrep.com,10331391,Aeghah0eey,01.97.73.64.28,32 rue Adolphe Wurtz,LE PLESSIS-ROBINSON,92350,FR,France
Mr.,Christian,Kuster,ChristianKuster@superrito.com,10274392,gaicai2ANgequ,60 799 11 43,ul. Malinowskiego Bronis?awa 139,Kraków,30-699,PL,Poland
Dr.,Logan,Preston,LoganPreston@dayrep.com,10093393,aseeYaek8ba,53 768 34 12,ul. Chodecka 79,Warszawa,03-393,PL,Poland
Mr.,Leon,Bailey,LeonVBailey@rhyta.com,10092394,aiceiSha4,67 595 63 58,ul. Kujawska 32,Olsztyn,10-699,PL,Poland
Ms.,Berta,Schiavone,BertaSchiavone@cuvox.de,10376395,Ohjei7Fequ,02.66.75.29.67,5 rue des Lacs,HÉROUVILLE-SAINT-CLAIR,14200,FR,France
Mr.,Michael,Schofield,MichaelSchofield@superrito.com,10177396,eebieki5Oh,0321 5449740,Vicolo Cieco Fondachetto 81,Molina Di Vietri Sul Mare,84010,IT,Italy
Mr.,Jörg,Holzman,JorgHolzman@fleckens.hu,10021397,aeGhae0Aep,04605 31 58 70,Hans-Grade-Allee 42,Böxlund,24994,DE,Germany
Mr.,Matthias,Nacht,MatthiasNacht@dayrep.com,10296398,oogh0eaCh,01.74.11.31.41,82 rue de la Mare aux Carats,MONTREUIL,93100,FR,France
Mrs.,Giacinta,Panicucci,GiacintaPanicucci@gustr.com,10118399,coSh7ioXoo,651 538 611,Outid de Arriba 91,Alcanar,43530,ES,Spain
Mrs.,Julia,Moeller,JuliaMoeller@gustr.com,10028400,zeeGahb8ie,0323 3311624,Via Sacchi 134,Tavagnacco,33010,IT,Italy
Mrs.,Blanda,Bergamaschi,BlandaBergamaschi@teleworm.us,10336401,kiTh8een4,077 7884 7811,56 Newgate Street,KEHELLAND,TR14 1PT,GB,United Kingdom
Mr.,Peter,Lemann,PeterLemann@gustr.com,10257402,Chael6mei,08636 43 36 03,Kieler Strasse 22,Buchbach,98743,DE,Germany
Mr.,Jérôme,Chartré,JeromeChartre@fleckens.hu,10037403,Aekeakie9ae,712 370 842,Avda. Alameda Sundheim 68,Fonz,22422,ES,Spain
Mrs.,Laura,Friedmann,LauraFriedmann@teleworm.us,10255404,ieg9eeGhei,0323 1540968,Via Agostino Depretis 49,Veroli,03029,IT,Italy
Mr.,Lucas,Theiss,LucasTheiss@dayrep.com,10357405,ubiezaiF5,04.62.06.41.07,24 Boulevard de Normandie,FONTAINE,38600,FR,France
Mr.,Zak,Hyde,ZakHyde@cuvox.de,10036406,Iephee2t,0388 1969275,Via Vicenza 91,Bologna,40037,IT,Italy
Mrs.,Galatee,Salmons,GalateeSalmons@gustr.com,10287407,gaiHiew0ah,0377 9717706,Via del Caggio 54,Pratovecchio,52015,IT,Italy
Mr.,Sven,Schneider,SvenSchneider@dayrep.com,10219408,equa0raeY,04.72.10.42.56,41 rue du Château,SAINT-ÉTIENNE,42100,FR,France
Ms.,Giada,Sabbatini,GiadaSabbatini@einrot.com,10065409,quiege5Oh,04.01.73.94.19,70 rue des Nations Unies,SAINT-CHAMOND,42400,FR,France
Ms.,Ottavia,Marcelo,OttaviaMarcelo@teleworm.us,10252410,go1EeGh7ieth,04.45.01.79.25,14 boulevard Albin Durand,CHAMBÉRY,73000,FR,France
Mr.,Steven,Barton,StevenMBarton@teleworm.us,10185411,juo9Au6ah,079 4097 9910,69 Tonbridge Rd,COPSALE,RH13 7WY,GB,United Kingdom
Mr.,Prewitt,Bazinet,PrewittBazinet@fleckens.hu,10035412,atu0Shooghoh,715 572 705,Reyes Católicos 80,Jaraíz de la Vera,10400,ES,Spain
Mr.,Agatino,Siciliani,AgatinoSiciliani@fleckens.hu,10193413,Raitha8aefo,09608 80 25 43,Borstelmannsweg 11,Hirschau,92239,DE,Germany
Mr.,Archie,Chadwick,ArchieChadwick@jourrapide.com,10244414,ahye2Aing,077 4747 1315,39 Stamford Road,ANGERSLEIGH,TA3 8TE,GB,United Kingdom
Mr.,Alfie,Sims,AlfieSims@fleckens.hu,10244415,ahxohbah4UZ,0391 61 84 85,Unter den Linden 80,Magdeburg,39110,DE,Germany
Mr.,Leo,Johnson,LeoJohnson@rhyta.com,10296416,ooF4Vuthoh,686 370 370,Calle Aduana 83,Lagrán,01118,ES,Spain
Mr.,Maik,Egger,MaikEgger@rhyta.com,10229417,oquoo4Quie9,0721 83 99 45,Frankfurter Allee 8,Karlsruhe Daxlanden,76185,DE,Germany
Mrs.,Michelle,Keller,MichelleDKeller@fleckens.hu,10322418,eHaeng1d,60 684 92 10,ul. Pielgrzymów 72,Warszawa,04-417,PL,Poland
Mr.,Zachary,Slater,ZacharySlater@armyspy.com,10067419,PioWuoGie8,687 700 939,Rúa Olmos 63,Salmoral,37314,ES,Spain
Mr.,Burrell,Gousse,BurrellGousse@superrito.com,10017420,ohCh7Ahj,079 4638 8215,25 Newgate Street,JOHNSTOWN,SA31 9PX,GB,United Kingdom
Ms.,Basia,Wysocka,BasiaWysocka@rhyta.com,10151421,yefei3Oo,72 885 58 22,ul. Marsza?kowska 57,Warszawa,00-510,PL,Poland
Mr.,Elliot,Kennedy,ElliotKennedy@dayrep.com,10215422,wieM1ieCai6,077 0243 1806,99 Old Chapel Road,GATESIDE,KA15 2DQ,GB,United Kingdom
Mr.,Christopher,Jackson,ChristopherMJackson@jourrapide.com,10367423,oSheeth0iF,08272 60 25 35,Alt Reinickendorf 70,Wertingen,86635,DE,Germany
Mrs.,Orane,De La Ronde,OraneDeLaRonde@superrito.com,10171424,Fohc6aeHib,070 5742 4074,62 Ings Lane,DELAVORAR,AB37 2HP,GB,United Kingdom
Mrs.,Jana,Reinhard,JanaReinhard@gustr.com,10242425,ce3Iith7l,04.74.57.11.16,79 avenue de Bouvines,SÈTE,34200,FR,France
Mr.,Tito,Russo,TitoRusso@rhyta.com,10196426,iefun1oNgai,01.24.29.83.72,62 Place de la Madeleine,PARIS,75009,FR,France
Ms.,Annabella,Capon,AnnabellaCapon@superrito.com,10375427,chohGh3rie,06503 89 44 87,Güntzelstrasse 64,Gusenburg,54413,DE,Germany
Mr.,Kristian,Kunze,KristianKunze@rhyta.com,10085428,Aes2eeb2ei,613 485 073,Calvo Sotelo 37,Peñafiel,47300,ES,Spain
Mrs.,Czes?awa,Koz?owska,CzeslawaKozlowska@rhyta.com,10085429,aiPhah4gu4ee,077 1955 9610,58 Jedburgh Road,LEWESTON,SA62 5NP,GB,United Kingdom
Ms.,Lionella,Costa,LionellaCosta@cuvox.de,10359430,aR3bei2Ie,06436 90 86 03,Hollander Strasse 82,Irmtraut,56479,DE,Germany
Mr.,Bayard,Bourdette,BayardBourdette@superrito.com,10093431,ingaPohm9y,034953 31 47,Holstenwall 62,Zschornewitz,06788,DE,Germany
Mr.,Felix,Pfaff,FelixPfaff@dayrep.com,10353432,Ep2IW6geu,0381 87 26 08,Kurfürstendamm 70,Rostock,18072,DE,Germany
Mr.,Armand,Sacré,ArmandSacre@cuvox.de,10228433,ot8uNeiL7oo,0377 9697236,Via Varrone 56,Vairano Patenora,81058,IT,Italy
Ms.,Chelsea,Lyons,ChelseaLyons@dayrep.com,10176434,faevuduV8,716 540 185,Cartagena 90,Ricote,30610,ES,Spain
Mrs.,Skye,Rowe,SkyeRowe@superrito.com,10295435,ahngiz1R,01.81.08.32.53,67 Avenue des Pr'es,MONTIGNY-LE-BRETONNEUX,78180,FR,France
Mrs.,Madeline,Bunn,MadelineJBunn@gustr.com,10123436,AewaiVoo4Oh,0317 4734304,Via Campi Flegrei 128,Squillani,83010,IT,Italy
Mr.,Astolpho,D'Aoust,AstolphoDAoust@cuvox.de,10353437,agevet9Ee,01.12.22.26.32,12 rue Nationale,PARIS,75006,FR,France
Mr.,Jeronim,Sawicki,JeronimSawicki@cuvox.de,10013438,aiXu8oigh,05208 98 60 75,Rohrdamm 22,Bad Salzuflen Retzen,32108,DE,Germany
Mr.,Hayden,Pratt,HaydenPratt@jourrapide.com,10018439,Zae3Dah1wae,0387 5655861,Via Pisanelli 143,Prada,48020,IT,Italy
Ms.,Grace,Fields,GraceJFields@dayrep.com,10292440,oes5eig1Ae,718 639 747,C/ Canarias 19,Hernani,20120,ES,Spain
Mrs.,Georgia,Hopkins,GeorgiaHopkins@cuvox.de,10128441,iiNg1Ais3qu,737 936 696,C/ Eras 52,Gargantilla del Lozoya,28739,ES,Spain
Ms.,Lisa,Sommer,LisaSommer@armyspy.com,10041442,eeDah3Ooth,776 773 282,Plaza de España 70,As Pontes de García Rodríguez,15684,ES,Spain
Mr.,Swen,Kappel,SwenKappel@dayrep.com,10264443,ooZaeZi2E,05.50.03.92.13,19 rue Pierre De Coubertin,TOULOUSE,31400,FR,France
Mr.,Kieran,Peters,KieranPeters@gustr.com,10313444,eM1maipohch0,09372 63 36 96,Esplanade 1,Klingenberg,63908,DE,Germany
Dr.,Julian,Gibson,JulianRGibson@fleckens.hu,10383445,uguVei5cei,03624 74 53 70,Heinrich Heine Platz 36,Ohrdruf,99882,DE,Germany
Ms.,Marie,Hoover,MarieHoover@gustr.com,10054446,quooya1Ho6,05.15.61.58.74,99 rue de Groussay,RODEZ,12000,FR,France
Mr.,Michael,Bar,MichaelBar@einrot.com,10142447,iek1Nu5goh,070 6512 2560,55 Ilchester Road,MUDDLES GREEN,BN8 7UT,GB,United Kingdom
Mrs.,Rosie,Parry,RosieParry@dayrep.com,10148448,Eiphu7isheex,755 447 449,Maestro Puig Valera 38,Villanueva de Oscos,33777,ES,Spain
Mr.,Wawrzyniec,Borkowski,WawrzyniecBorkowski@fleckens.hu,10082449,uYootuong2,0388 7025440,Via Licola Patria 106,Domicella,83020,IT,Italy
Mrs.,Jessika,Baum,JessikaBaum@gustr.com,10058450,ash8om3Chae,678 051 263,Av. Zumalakarregi 41,Tibi,03109,ES,Spain
Mrs.,Gracja,Symanska,GracjaSymanska@fleckens.hu,10037451,jeiP1oog9y,06721 83 30 68,Motzstr. 17,Dorsheim,55452,DE,Germany
Mr.,Lucas,Binet,LucasBinet@teleworm.us,10255452,Ruoch7fai9v,0399 9566323,Via del Mascherone 99,Trenzano,25030,IT,Italy
Mr.,John,Chavis,JohnMChavis@jourrapide.com,10314453,sheJeer8phie,88 922 83 70,ul. Stra?acka 93,Jastrz?bie-Zdrój,44-335,PL,Poland
Mr.,Nikifor,Sawicki,NikiforSawicki@armyspy.com,10043454,yoi3Aich0,0339 5195311,Vicolo Calcirelli 63,Sperone Di Custonaci,91010,IT,Italy
Ms.,Ida,Fiorentino,IdaFiorentino@jourrapide.com,10132455,uteiqu5Chah2,02.39.40.63.05,55 rue des Coudriers,MONT-SAINT-AIGNAN,76130,FR,France
Mrs.,Jessika,Holtzmann,JessikaHoltzmann@gustr.com,10235456,Ep3eeYaic6qu,616 486 937,Calle Carril de la Fuente 4,Alhambra,13248,ES,Spain
Mr.,Eric,Wechsler,EricWechsler@einrot.com,10392457,ohreiquohP1,05.94.99.10.73,6 rue Michel Ange,LE LAMENTIN,97232,FR,France
Mrs.,Benilde,Lucchesi,BenildeLucchesi@teleworm.us,10272458,ooTohB7Apai,077 4897 8716,35 Main Rd,FLOCKTON GREEN,WF4 7RB,GB,United Kingdom
Mr.,Gandolfo,Trentini,GandolfoTrentini@superrito.com,10126459,Eetao7iiGh,01.73.49.00.59,34 rue Victor Hugo,CORBEIL-ESSONNES,91100,FR,France
Ms.,Isabella,Genovesi,IsabellaGenovesi@cuvox.de,10189460,mie0Ju9O,02582 26 53 28,Stuttgarter Platz 90,Everswinkel,48351,DE,Germany
Mr.,James,Gunther,JamesAGunther@rhyta.com,10117461,AeTaibuiC2,627 702 548,Avda. de la Estación 51,Rozas de Puerto Real,28649,ES,Spain
Mr.,Alex,Boyle,AlexBoyle@superrito.com,10189462,zee5Tha8oo,79 154 30 80,ul. Rudawska 63,Warszawa,02-069,PL,Poland
Ms.,Katharina,Schmitt,KatharinaSchmitt@superrito.com,10333463,UG1aev7uX,51 421 91 90,ul. Konna 91,Katowice,40-320,PL,Poland
Mr.,Owen,Houghton,OwenHoughton@einrot.com,10194464,Jiem8Eequ6,078 5112 4154,23 Lincoln Green Lane,CHITTLEHAMHOLT,EX37 3ZP,GB,United Kingdom
Mr.,Oscar,Yates,OscarYates@superrito.com,10099465,ohb0Quio,03.31.24.84.62,17 rue de l'Epeule,ROUBAIX,59100,FR,France
Mrs.,Katharina,Meier,KatharinaMeier@cuvox.de,10294466,equahn4Aipau,078 2206 1175,77 North Road,NETTLESTEAD,IP8 8BN,GB,United Kingdom
Mrs.,Fulvia,Schiavone,FulviaSchiavone@cuvox.de,10218467,Am0uchoor,0367 2875346,Via Roma 28,Villa San Giuseppe,63030,IT,Italy
Ms.,Tracey,Gravely,TraceyAGravely@dayrep.com,10181468,eethez7oT0z,778 005 674,Ourense 8,Montbrió del Camp,43340,ES,Spain
Ms.,Yolanda,Santiago,YolandaGSantiago@fleckens.hu,10317469,Dohng6xaich,761 924 354,C/ Canarias 94,Pasaia,20110,ES,Spain
Mrs.,Ludwika,Król,LudwikaKrol@cuvox.de,10092470,raiCoo8F,04.41.80.39.91,83 rue Porte d'Orange,CARPENTRAS,84200,FR,France
Mr.,Boris,Boni,BorisBoni@rhyta.com,10177471,aiLee0Pu,88 996 18 59,Al. Niepodleg?o?ci 51,Warszawa,00-911,PL,Poland
Mr.,Sebastian,Fuerst,SebastianFuerst@armyspy.com,10055472,Wiy4iegahl2,0221 67 19 25,Straße der Pariser Kommune 7,Köln Lindenthal,50933,DE,Germany
Mr.,James,McCollum,JamesCMcCollum@armyspy.com,10187473,Oomee0ooxah,69 776 78 32,ul. Barei Stanis?awa 138,Warszawa,03-141,PL,Poland
Mrs.,Alicia,Todd,AliciaTodd@rhyta.com,10285474,ohBeequ1ch,682 487 711,Reiseñor 88,Vilamarxant,46191,ES,Spain
Ms.,Monica,Steinhoff,MonicaRSteinhoff@teleworm.us,10281475,lathuoK1die,079 5835 7124,17 Ponteland Rd,HOWLEY,TA20 4AW,GB,United Kingdom
Ms.,Marsha,Kessler,MarshaMKessler@cuvox.de,10111476,IChilei8j,624 274 681,Maestro Puig Valera 4,Degaña,33812,ES,Spain
Mr.,Pantaleone,Genovese,PantaleoneGenovese@einrot.com,10314477,IfooSoo7,01.12.11.43.58,19 rue du Général Ailleret,LES LILAS,93260,FR,France
Ms.,Helen,Collinsworth,HelenWCollinsworth@cuvox.de,10156478,Oagiekei2,766 213 016,C/ Hijuela de Lojo 66,Gaintza,20248,ES,Spain
Ms.,Daria,Lombardo,DariaLombardo@superrito.com,10184479,ahPh3keima,03.15.21.70.26,80 Rue Marie De Médicis,CAMBRAI,59400,FR,France
Ms.,Katja,Richter,KatjaRichter@rhyta.com,10184480,OhQuaej7,0370 4739559,Via Nazario Sauro 112,Greco,20125,IT,Italy
Mr.,Kyle,Pratt,KylePratt@dayrep.com,10376481,urau8aeZoog,0356 6618735,Via Nicola Mignogna 32,Divignano,28010,IT,Italy
Mr.,Vincenzo,Trentino,VincenzoTrentino@fleckens.hu,10058482,iW0alethohf,077 4456 3326,61 Hexham Road,INVERTROSSACHS,FK17 1WJ,GB,United Kingdom
Mr.,Robert,Barker,RobertCBarker@gustr.com,10191483,Aphi1quoh,72 502 49 95,ul. Fiedlera Arkadego 82,Radom,26-613,PL,Poland
Mr.,Uranio,Siciliani,UranioSiciliani@teleworm.us,10291484,Aighae1v,02723 31 42 46,Augsburger Strasse 9,Kirchhundem,57399,DE,Germany
Mr.,Eric,Neudorf,EricNeudorf@superrito.com,10186485,Oh0ivaithai,04.44.55.36.53,15 rue des Chaligny,NICE,06100,FR,France
Mrs.,Georgina,Simmons,GeorginaSimmons@teleworm.us,10181486,un1ohf2Uu5,070 3483 0537,73 Ross Road,MARKETHILL,PH13 9BY,GB,United Kingdom
Mr.,Ambrogino,Castiglione,AmbroginoCastiglione@cuvox.de,10164487,diedei6Ee,070 5806 8412,15 Nottingham Rd,ABERDOUR,KY3 0HY,GB,United Kingdom
Ms.,Jessica,Marsh,JessicaMarsh@cuvox.de,10315488,Ec0poosee1,675 166 634,Bellavista 25,Utebo,50180,ES,Spain
Ms.,Sylwia,Kwiatkowska,SylwiaKwiatkowska@teleworm.us,10368489,ceiM0aiho,078 2179 2560,44 Kendell Street,SHELLACHAN,PA34 9AB,GB,United Kingdom
Mrs.,Uta,Pfeifer,UtaPfeifer@gustr.com,10031490,laez7ahJ3qu,69 649 93 08,ul. Cyrhli 82,Warszawa,02-829,PL,Poland
Mr.,David,Wirth,DavidWirth@gustr.com,10285491,Aahah1yahBe,04.61.56.52.16,47 rue Beauvau,MARSEILLE,13001,FR,France
Ms.,Bettie,Santiago,BettieKSantiago@einrot.com,10087492,pe4Wau8ie,06569 11 21 32,Luetzowplatz 20,Wiersdorf,54636,DE,Germany
Ms.,Degna,Pirozzi,DegnaPirozzi@jourrapide.com,10172493,Aejie3Ge,07832 97 42 74,Bleibtreustraße 57,Mühlhausen,99965,DE,Germany
Mr.,Marcel,Grunwald,MarcelGrunwald@armyspy.com,10232494,Oov1Peefie,0390 7103806,Via San Domenico 99,Malles,39024,IT,Italy
Mr.,Daniel,Hall,DanielPHall@einrot.com,10299495,eichaiH4woo,0381 0722482,Piazzetta Scalette Rubiani 121,San Giovanni A Piro,84070,IT,Italy
Ms.,Juliane,Hofmann,JulianeHofmann@superrito.com,10362496,YaeNaire3,0384 3753851,Strada Bresciana 127,Lanzo Di Martina Franca,74010,IT,Italy
Mrs.,Alide,Endrizzi,AlideEndrizzi@dayrep.com,10055497,uJahsee2eiL,754 417 739,Zumalakarregi etorbidea 14,Alaró,07340,ES,Spain
Ms.,Konstancja,Paw?owska,KonstancjaPawlowska@dayrep.com,10325498,oodaht7E,01.33.29.75.08,2 Rue de Strasbourg,CLICHY-SOUS-BOIS,93390,FR,France
Mrs.,Rose,Mattos,RoseDMattos@gustr.com,10325499,eithieFae4,078 4699 7797,19 Peachfield Road,CHAMPANY,EH49 3NW,GB,United Kingdom
Ms.,Joasia,Rutkowska,JoasiaRutkowska@armyspy.com,10012500,iu3Iath0ro4,636 243 565,Urzáiz 4,Los Yébenes,45470,ES,Spain
Ms.,Virginia,Bingham,VirginiaRBingham@jourrapide.com,10072501,Ahy3sah3eab,0384 52 22 53,Kurfürstendamm 73,Bützow,18242,DE,Germany
Mr.,Ziemowit,Jaworski,ZiemowitJaworski@armyspy.com,10067502,biw4shieCh,06181 32 45 90,Scharnweberstrasse 27,Maintal,63477,DE,Germany
Mr.,Logan,Rahman,LoganRahman@cuvox.de,10266503,shoh3aiZie,609 128 930,Outid de Arriba 19,Llorenç del Penedès,43712,ES,Spain
Mr.,Bradley,Hudson,BradleyHudson@dayrep.com,10248504,ohCoos2Hai1n,0310 9247274,Via Nazionale 45,Tisens,39010,IT,Italy
Mr.,David,Nestor,DavidLNestor@armyspy.com,10185505,ouxe9eSh,0384 2565335,Via Partenope 5,Aquino,03031,IT,Italy
Ms.,Christine,Frei,ChristineFrei@teleworm.us,10099506,Eiphuo5xe8f,04.37.62.15.03,95 rue Banaudon,LYON,69009,FR,France
Mr.,Sven,Fried,SvenFried@cuvox.de,10169507,EYi4ahHoh,764 812 413,Enxertos 59,Robleda,37521,ES,Spain
Mr.,Logan,Davis,LoganDavis@cuvox.de,10317508,aiJah3moax5,72 653 62 12,ul. Barokowa 19,Warszawa,00-237,PL,Poland
Mrs.,Pamela,Flores,PamelaDFlores@superrito.com,10264509,joh0Vohpiv,79 149 23 28,ul. Ho?a 34,Wroc?aw,54-058,PL,Poland
Mr.,Cataldo,Baresi,CataldoBaresi@dayrep.com,10043510,hu4Ahxu0ci,0338 6438185,Via Cavour 19,Montedecoro,81023,IT,Italy
Mrs.,Leonida,Fiorentini,LeonidaFiorentini@gustr.com,10296511,ohB9weeZae,077 3065 9775,39 Broad Street,LOXLEY,CV35 5SH,GB,United Kingdom
Mr.,Mike,Zimmermann,MikeZimmermann@dayrep.com,10175512,wu2ahPhe,694 115 624,Crta. Cádiz-Málaga 69,Ares del Maestre,12165,ES,Spain
Mr.,Richard,Bérubé,RichardBerube@cuvox.de,10299513,Exaixo4phae,0363 3115937,Via San Domenico Soriano 80,Messina,98127,IT,Italy
Mr.,Gaston,Desilets,GastonDesilets@armyspy.com,10352514,Tudaesh3Oh,040 18 18 56,Waßmannsdorfer Chaussee 84,Hamburg Bergedorf,21031,DE,Germany
Mrs.,Krystyna,Ostrowska,KrystynaOstrowska@fleckens.hu,10337515,pha1Iiche3,60 973 89 45,ul. Kusoci?skiego 53,Radom,26-609,PL,Poland
Mrs.,Fabrizia,Genovese,FabriziaGenovese@jourrapide.com,10271516,mai6Ashexoh,09181 43 49 43,Luebeckertordamm 80,Sengenthal,92369,DE,Germany
Mr.,Jeff,Rolland,JeffSRolland@cuvox.de,10012517,uSha0quo1j,06356 84 93 58,Brandenburgische Strasse 37,Altleiningen,67317,DE,Germany
Ms.,Heike,Pfeifer,HeikePfeifer@fleckens.hu,10193518,ohKi8ujae,0387 0436348,Via Bernardino Rota 149,Ceresole D'Alba,12040,IT,Italy
Ms.,Rhoda,Casper,RhodaACasper@teleworm.us,10112519,iagh6Hae,09275 93 37 16,Billwerder Neuer Deich 45,Speichersdorf,95467,DE,Germany
Ms.,Mollie,Grant,MollieGrant@jourrapide.com,10393520,neiceip9Ie,796 266 484,Extramuros 92,Alpedrete,28430,ES,Spain
Mr.,Saverio,Conti,SaverioConti@teleworm.us,10086521,sheiPer2Ee,770 126 436,Ctra. de la Puerta 68,Ribeira de Piquín,27242,ES,Spain
Ms.,Amelie,Herbert,AmelieHerbert@fleckens.hu,10168522,Shaenga0,51 449 88 73,ul. Rydygiera Ludwika 96,Wroc?aw,50-249,PL,Poland
Mr.,Pawe?,Adamski,PawelAdamski@jourrapide.com,10012523,Sheegh7v,88 153 58 94,ul. Kra?cowa 30,Nowa Ruda,57-403,PL,Poland
Ms.,Brooke,Whitehead,BrookeWhitehead@einrot.com,10029524,Vaiwi8dephie,079 0125 5293,35 Hudson St,DUNCHURCH,CV22 9RB,GB,United Kingdom
Ms.,Wisia,Czarnecka,WisiaCzarnecka@rhyta.com,10033525,ya2EeVei6,88 136 46 01,ul. Mieszcza?ska 101,Lublin,20-311,PL,Poland
Mr.,Aaron,Horton,AaronPHorton@gustr.com,10172526,huxu1Yie,0343 4295084,Via Silvio Spaventa 69,Barchi,61040,IT,Italy
Ms.,Élisabeth,Dubeau,ElisabethDubeau@superrito.com,10089527,YahCooYiMa4Y,02.04.23.34.98,68 rue Lenotre,RENNES,35000,FR,France
Mr.,Silvio,Costa,SilvioCosta@armyspy.com,10179528,eo8Ohf2Sue,652 063 650,Apartado de Correos 90,Carrascal del Obispo,37451,ES,Spain
Ms.,Gioacchina,Moretti,GioacchinaMoretti@dayrep.com,10387529,Keec0Dei3tah,88 976 94 60,ul. Zamenhofa 109,?ód?,90-965,PL,Poland
Mrs.,Pia,Sabbatini,PiaSabbatini@gustr.com,10255530,eeX4dey8Ae,69 407 55 38,ul. Genera?a Bema Józefa 5,Miko?ów,43-190,PL,Poland
Ms.,Elizabeth,Costa,ElizabethDCosta@rhyta.com,10136531,Ya0Aicae7oh,69 714 01 37,ul. Ksi?dza Brzóski Stanis?awa 14,Wroc?aw,51-686,PL,Poland
Mrs.,Marie,Broome,MarieWBroome@cuvox.de,10237532,fu9Eeg3yahdu,079 0708 5213,16 Park Place,CARROL,KW9 3PL,GB,United Kingdom
Mr.,Urjasz,Pawlak,UrjaszPawlak@armyspy.com,10267533,Thao6ootei,67 772 63 48,ul. Wiatraczna 50,Warszawa,04-364,PL,Poland
Mrs.,Hannah,Harding,HannahHarding@fleckens.hu,10192534,Eogeziph1,746 381 838,Av. Zumalakarregi 33,Higueruela,02694,ES,Spain
Ms.,Julita,Majewska,JulitaMajewska@einrot.com,10167535,teiseeSh3,079 8454 1970,53 Quay Street,NANTGLYN,LL16 3BW,GB,United Kingdom
Mrs.,Blanche,Cartier,BlancheCartier@rhyta.com,10225536,zae0wee1Eezai,070 8516 1751,62 St Dunstans Street,WATERPERRY,OX33 8FJ,GB,United Kingdom
Mr.,Kasper,Kaczmarek,KasperKaczmarek@armyspy.com,10287537,ohx6BeeX1Aa,070 2377 2513,66 Holgate Rd,RAMSGILL,HG3 4GD,GB,United Kingdom
Ms.,Durandana,Pinneau,DurandanaPinneau@armyspy.com,10092538,ohL2ThoNei,038752 67 18,An der Alster 92,Balow,19300,DE,Germany
Mr.,Gerardino,Longo,GerardinoLongo@einrot.com,10246539,ke0Oezai,02681 67 73 17,Gotzkowskystrasse 44,Gieleroth,57610,DE,Germany
Mr.,Geronimo,Bergamaschi,GeronimoBergamaschi@teleworm.us,10353540,li1Ii6zoh,070 2827 9259,42 Northgate Street,BIDDULPH MOOR,ST8 9DJ,GB,United Kingdom
Mr.,Jordan,Williams,JordanWilliams@gustr.com,10072541,fahseevi1Ie,070 4484 8320,87 Front Street,LAGG,KA27 7UD,GB,United Kingdom
Dr.,Claudio,Genovesi,ClaudioGenovesi@gustr.com,10029542,doo5Ree6soo,02.58.34.44.92,49 Place Napoléon,LANESTER,56600,FR,France
Mr.,Juliusz,Soko?owski,JuliuszSokolowski@armyspy.com,10244543,aexijuuM3,0344 4829129,Corso Novara 113,Nuditta,08020,IT,Italy
Mr.,Lawrence,Bradley,LawrenceMBradley@teleworm.us,10147544,Ow2Shoo5,746 771 633,San Andrés 87,Malpartida,37313,ES,Spain
Mr.,Taziano,Udinesi,TazianoUdinesi@gustr.com,10369545,igi6air1Oh,02.22.23.26.54,6 rue Michel Ange,LE HAVRE,76620,FR,France
Mr.,Thiery,Houde,ThieryHoude@dayrep.com,10265546,ohhaNae0die,717 385 635,Rúa de San Pedro 17,Topas,37799,ES,Spain
Ms.,Erlinda,Johannes,ErlindaPJohannes@superrito.com,10156547,Eeb9Joo4yoh,0313 2254848,Via Vico Ferrovia 136,Codigoro,44021,IT,Italy
Mrs.,Janina,Moeller,JaninaMoeller@fleckens.hu,10348548,EphooCh6oah,0212 33 74 07,Park Str. 80,Solingen Wald,42653,DE,Germany
Mr.,Marko,Schwarz,MarkoSchwarz@cuvox.de,10378549,Oof8eo2iZ9o,04.84.83.49.15,12 boulevard Albin Durand,CHAMBÉRY,73000,FR,France
Mr.,Ziemowit,Walczak,ZiemowitWalczak@jourrapide.com,10034550,ze9mieDa3,04.09.84.79.85,42 rue du Fossé des Tanneurs,TOULON,83200,FR,France
Mr.,Ethan,Hayward,EthanHayward@gustr.com,10285551,Ahz5ahr8,0319 9617155,Via Volto San Luca 85,Nichelino,10042,IT,Italy
Ms.,Gra?yna,Gorska,GrazynaGorska@teleworm.us,10034552,Zeurae2w,0388 1141314,Via Cavour 80,Montanaro,81050,IT,Italy
Mrs.,Juliane,Drescher,JulianeDrescher@jourrapide.com,10138553,Vabaiyahch3ee,036020 39 91,Amsinckstrasse 60,Ebeleben,99712,DE,Germany
Ms.,Julianna,Grabowska,JuliannaGrabowska@dayrep.com,10089554,shee5theL,78 182 87 17,ul. Rumby 110,Warszawa,02-830,PL,Poland
Mr.,Gaston,Lepage,GastonLepage@armyspy.com,10163555,Moor3li9,02.10.74.61.18,3 place Stanislas,NANTES,44100,FR,France
Ms.,Clara,Hughes,ClaraAHughes@fleckens.hu,10071556,AeNaewoo2ai,06211 27 35 71,Scharnweberstrasse 24,Mannheim Rheinau,68219,DE,Germany
Mr.,Gill,L'Angelier,GillLAngelier@superrito.com,10276557,aij5doG1,0327 5606003,Via Piccinni 6,Cacciano,82030,IT,Italy
Mrs.,Marguerite,Selby,MargueriteRSelby@teleworm.us,10361558,phio3AhHa,079 3314 4539,8 Union Terrace,LOCKS HEATH,SO31 5SJ,GB,United Kingdom
Mr.,Hayden,Bruce,HaydenBruce@armyspy.com,10114559,vi2Yee0ae,696 205 848,Valadouro 11,Sopuerta,48190,ES,Spain
Mr.,Durante,Folliero,DuranteFolliero@armyspy.com,10392560,eTheef8ies,51 527 35 39,ul. Otrocz 35,Kielce,25-332,PL,Poland
Mr.,Rafa?,Kowalski,RafalKowalski@dayrep.com,10219561,vei2Tai7bei,040 22 00 81,Waßmannsdorfer Chaussee 55,Hamburg Altstadt,20095,DE,Germany
Mrs.,Penny,Bell,PennyGBell@jourrapide.com,10334562,Ieh6soyoh,02.98.88.18.56,72 place Maurice-Charretier,CHARTRES,28000,FR,France
Mrs.,Zosia,Adamczyk,ZosiaAdamczyk@armyspy.com,10158563,ohBaejonee1,07340 72 74 27,An der Schillingbrucke 98,Börslingen,89177,DE,Germany
Mr.,Charlie,Power,CharliePower@rhyta.com,10265564,oot3Quah,0315 6328045,Via A.G. Alaimo 129,Belvedere Ostrense,60030,IT,Italy
Mr.,Uwe,Neumann,UweNeumann@fleckens.hu,10181565,OhbeeLeiVi8,02.63.25.88.13,50 avenue du Marechal Juin,SAINT-LEU,97436,FR,France
Mr.,Marc,Roberts,MarcRRoberts@rhyta.com,10117566,aesi2Chee,67 272 48 74,ul. Zawadzkiego 79,Krupski M?yn,42-693,PL,Poland
Ms.,Searlait,Quiron,SearlaitQuiron@gustr.com,10347567,uH4lezilee,0319 5486533,Via Castelfidardo 69,Fagnano Castello,87013,IT,Italy
Mr.,Ariosto,Fallaci,AriostoFallaci@superrito.com,10286568,phai8Chah,0312 5965022,Via Vico Ferrovia 92,Chiesuol Del Fosso,44040,IT,Italy
Mrs.,Marcelina,Wi?niewska,MarcelinaWisniewska@fleckens.hu,10226569,ti1iu2JaiR,721 654 697,Castelao 27,Sestao,48910,ES,Spain
Mr.,Malagigi,Salmons,MalagigiSalmons@teleworm.us,10189570,Pesiex6gae,735 796 258,Avda. de la Estación 44,El Molar,28710,ES,Spain
Mr.,Leroy,Ruais,LeroyRuais@einrot.com,10273571,laMaengeag6,0375 2334621,Via Scala 69,Acquaviva,53040,IT,Italy
Mrs.,Wac?awa,Tomaszewska,WaclawaTomaszewska@einrot.com,10191572,ohquashohL2,078 7766 8068,85 Iolaire Road,NEW ALYTH,PH11 0UA,GB,United Kingdom
Mr.,Radzimierz,Nowicki,RadzimierzNowicki@fleckens.hu,10112573,OoGie2ie,02602 20 92 84,Stuttgarter Platz 39,Wirges,56422,DE,Germany
Mr.,Barry,Arcouet,BarryArcouet@cuvox.de,10146574,zie5uKoo,60 932 30 62,ul. Bia?ozora 85,Warszawa,02-817,PL,Poland
Ms.,Michelle,Brandt,MichelleBrandt@superrito.com,10213575,aiN1von6f,0331 51 21 29,Fugger Strasse 39,Potsdam,14482,DE,Germany
Mrs.,Faith,Lambert,FaithLambert@dayrep.com,10215576,aig1toh4Ai,677 579 667,Av. Zumalakarregi 86,Rojales,03170,ES,Spain
Mr.,Warren,Flores,WarrenNFlores@cuvox.de,10364577,ietahv5X,077 8079 7786,66 Merthyr Road,BUNNAHABHAINN,PA46 4UL,GB,United Kingdom
Mr.,Cloridan,Dionne,CloridanDionne@armyspy.com,10264578,ahce0Ohg,078 1605 5509,82 Jesmond Rd,KILMICHAEL OF INVERLUSSA,PA31 4PD,GB,United Kingdom
Ms.,Charlie,Woods,CharlieWoods@einrot.com,10311579,Aah0eequu,0941 35 31 02,Mühlenstrasse 36,Regensburg,93051,DE,Germany
Mrs.,Wac?awa,Soko?owska,WaclawaSokolowska@armyspy.com,10287580,ePa6thei5Oo,01.69.57.20.96,53 boulevard Albin Durand,CERGY,95000,FR,France
Mrs.,Rachel,Johnson,RachelJJohnson@rhyta.com,10032581,see0gohGah,05251 87 79 29,Bleibtreustrasse 2,Paderborn Dahl,33100,DE,Germany
Mr.,Jimmy,Myers,JimmySMyers@jourrapide.com,10287582,Ok7cheeduuv,69 471 99 67,ul. My?liborska 114,Warszawa,03-185,PL,Poland
Mrs.,Sylwia,Koz?owska,SylwiaKozlowska@teleworm.us,10163583,epah5Mie5I,0357 2904644,Piazza Principe Umberto 113,Lamole,50022,IT,Italy
Mr.,Edward,Charlton,EdwardCharlton@armyspy.com,10219584,Eiyei5SaeCo,0721 63 15 21,Frankfurter Allee 58,Karlsruhe Rintheim,76139,DE,Germany
Mr.,Espedito,Folliero,EspeditoFolliero@einrot.com,10124585,Avoh9ahj,02602 75 60 49,Stuttgarter Platz 76,Horbach,55606,DE,Germany
Ms.,Cordelia,Monaldo,CordeliaMonaldo@fleckens.hu,10329586,BuTohch7G,0317 6108736,Via Spalato 67,Giudecca,30133,IT,Italy
Ms.,Zoe,Patterson,ZoePatterson@rhyta.com,10045587,thooMiek6,01.82.27.69.28,46 rue Charles Corbeau,ÉVRY,91000,FR,France
Ms.,Isobel,Humphreys,IsobelHumphreys@fleckens.hu,10012588,VoGh3ezee7oo,03.34.86.93.82,14 avenue de Bouvines,SEDAN,08200,FR,France
Ms.,Katie,Short,KatieShort@fleckens.hu,10377589,hioZi8Phaeg,077 8662 5194,13 Great Western Road,LONG SUTTON,PE12 9XP,GB,United Kingdom
Mr.,Marco,Weber,MarcoWeber@dayrep.com,10198590,Fah3iu6raes,04.27.43.56.00,80 rue Beauvau,MARSEILLE,13005,FR,France
Mr.,Remo,Lucchesi,RemoLucchesi@superrito.com,10327591,samies6Ax0z,0379 3931366,Via Varrone 16,San Marco Trotti,81020,IT,Italy
Mrs.,Elizabeth,Parkin,ElizabethParkin@armyspy.com,10234592,xaipul5Che,079 3904 6625,48 Maidstone Road,WENALLT,LL21 4JF,GB,United Kingdom
Mr.,Bernd,Bachmeier,BerndBachmeier@jourrapide.com,10267593,rohVuzaeh0r,624 108 677,Calvo Sotelo 11,Castronuño,47520,ES,Spain
Ms.,Joann,Mayo,JoannTMayo@teleworm.us,10246594,eiD5eol6Ph,0346 4789500,Via Miguel de Cervantes 112,Valvasone,33098,IT,Italy
Mr.,Benedetto,Folliero,BenedettoFolliero@gustr.com,10035595,Iaxie4yoo6ah,078 8165 8476,42 Trinity Crescent,WHARRAM PERCY,YO17 4SH,GB,United Kingdom
Mr.,Anthony,Ball,AnthonyBall@superrito.com,10125596,aequ0pu7Ee,01.46.26.07.27,78 rue du Président Roosevelt,SAVIGNY-LE-TEMPLE,77176,FR,France
Mr.,Florian,Meyer,FlorianMeyer@fleckens.hu,10382597,nui0Ooshahng,0364 1437311,Piazza della Repubblica 112,Petrona,88050,IT,Italy
Mrs.,Cassandra,Siciliani,CassandraSiciliani@superrito.com,10264598,voh5Jahgh9e,03.25.59.96.93,2 Chemin Challet,LIÉVIN,62800,FR,France
Mrs.,Batilda,Manna,BatildaManna@fleckens.hu,10141599,aNuPuzoa1du,01.20.59.51.41,56 rue Sadi Carnot,AUBERVILLIERS,93300,FR,France
Ms.,Penelope,Greco,PenelopeGreco@fleckens.hu,10022600,oN3te3tee5,070 2992 8345,23 Boar Lane,SELMESTON,BN26 5SB,GB,United Kingdom
